"id","1a","1b","1aNb","1aORb","1aNnotb","1bNnota","conj_1","disj_1","2a","2b","2aNb","2aORb","2aNnotb","2bNnota","conj_2","disj_2","3a","3b","3aNb","3aORb","3aNnotb","3bNnota","conj_3","disj_3","4a","4b","4aNb","4aORb","4aNnotb","4bNnota","conj_4","disj_4","5a","5b","5aNb","5aORb","5aNnotb","5bNnota","conj_5","disj_5","6a","6b","6aNb","6aORb","6aNnotb","6bNnota","conj_6","disj_6","7a","7b","7aNb","7aORb","7aNnotb","7bNnota","conj_7","disj_7","8a","8b","8aNb","8aORb","8aNnotb","8bNnota","conj_8","disj_8","number_conj","number_disj","number_conj_disj","z1_d","z2_d","z3_d","z4_d","z5_d","z6_d","d_average","sd_d"
"ID_HY8U5PGYS8",30,25,20,50,5,10,0,0,40,50,25,70,20,35,0,0,40,30,10,60,40,20,0,0,25,35,10,70,15,30,0,0,7,40,3,40,25,50,1,0,35,40,30,65,15,30,0,0,7,25,2,65,7,30,1,0,40,40,10,70,25,35,0,0,2,0,2,-0.0325,-0.06625,0.0475,0.08125,0.0075,0.064375,0.0169791666666667,0.0579202262095606
"ID_F7UAQMZBHY",60,35,15,70,15,25,0,0,35,30,35,60,15,20,1,0,35,60,10,50,30,55,0,1,35,25,15,75,25,30,1,0,5,45,3,60,0,55,1,0,25,45,35,45,35,50,1,0,5,35,0,55,4,45,1,0,45,35,30,50,50,0,1,0,6,1,7,0.075,0.02375,0.09,0.14125,0.0825,0.115625,0.0880208333333333,0.0398246481989065
"ID_IQTE04H92U",29,39,31,25,17,10,1,1,35,35,28,45,9,25,0,0,35,29,13,49,34,40,1,0,39,50,10,40,28,31,0,1,10,63,14,56,27,55,1,1,50,63,47,32,24,50,0,1,10,39,5,18,8,32,0,1,63,35,32,70,44,0,0,0,3,5,8,0.22375,0.26125,0.125,0.0875,0.174375,0.10625,0.163020833333333,0.069047556829816
"ID_8FJT1TWFYF",45,40,40,80,12,0,0,0,70,65,75,100,20,7,1,0,70,45,1,71,65,80,1,0,40,30,15,80,70,40,1,0,35,65,30,71,30,70,1,0,30,65,40,70,10,40,1,0,35,40,0,55,100,65,1,0,65,70,60,75,60,0,0,0,6,0,6,0.1125,0.23125,0.2975,0.17875,0.205,0.238125,0.210520833333333,0.0622976934096814
"ID_KTT7IMECZQ",40,100,100,100,40,10,1,0,100,60,40,100,30,100,1,0,100,40,90,100,30,100,1,0,100,30,100,100,90,100,1,0,80,100,100,50,3,30,1,1,30,100,100,100,90,40,1,0,80,100,80,100,80,100,0,0,100,100,100,60,60,0,0,1,6,2,8,0.5,0.42875,0.62875,0.7,0.564375,0.664375,0.581041666666667,0.103353660635058
"ID_KJUUGEII0L",40,40,40,40,8,8,0,0,30,40,30,40,30,60,1,0,30,40,10,60,30,40,0,0,40,10,10,45,50,10,1,0,5,60,70,30,5,60,1,1,10,60,45,60,4,75,1,0,5,40,20,35,5,40,1,1,60,30,30,50,75,0,1,1,6,3,9,0.19125,0.20875,0.3025,0.285,0.246875,0.29375,0.2546875,0.0467469083202301
"ID_MSC5G80MXJ",30,45,25,45,5,10,0,0,30,30,20,50,5,30,0,0,30,30,10,70,20,25,0,0,45,50,25,50,25,20,0,0,5,50,5,35,3,25,0,1,50,50,20,60,25,25,0,0,5,45,3,35,5,30,0,1,50,30,25,50,25,0,0,0,0,2,2,0.01875,0.06,0.00125,-0.04,0.01,-0.019375,0.00510416666666667,0.0342701051087776
"ID_7U2X715SXI",50,60,45,60,10,20,0,0,21,30,35,40,10,34,1,0,21,50,10,80,15,40,0,0,60,10,15,60,40,22,1,0,8,15,5,40,8,18,1,0,10,15,14,25,18,10,1,0,8,60,10,50,6,50,1,1,15,21,20,35,20,1,1,0,6,1,7,-0.0025,-0.0025,0.11,0.11,0.05375,0.11,0.063125,0.0553045545140723
"ID_BDKH1UBT48",65,35,50,50,2,0,1,1,50,50,45,70,25,25,0,0,50,65,25,50,5,35,0,1,35,35,35,15,25,45,1,1,5,25,35,35,15,25,1,0,35,25,25,15,25,25,0,1,5,35,10,65,10,65,1,0,25,50,25,35,25,10,0,1,4,5,9,0.20625,0.14625,0.14,0.2,0.173125,0.17,0.172604166666667,0.0270081488474621
"ID_BGZTQ0GG1X",60,40,30,30,10,5,0,1,50,70,60,60,10,40,1,1,50,60,40,60,70,30,1,0,40,40,20,40,20,60,1,0,10,60,10,60,5,70,1,0,40,60,60,60,50,50,1,0,10,40,10,60,15,70,1,0,60,50,70,60,50,65,1,0,7,2,9,0.35,0.275,0.2625,0.3375,0.30625,0.3,0.305208333333333,0.0340992729639015
"ID_7VRDPOX6E9",50,40,25,30,10,30,0,1,20,20,15,20,20,30,1,0,20,50,10,60,30,45,1,0,40,40,30,70,60,25,1,0,10,40,20,60,10,30,1,0,40,40,30,70,30,20,0,0,10,40,5,50,5,75,1,0,40,20,30,40,20,0,1,0,6,1,7,0.10625,0.09375,0.15,0.1625,0.128125,0.15625,0.1328125,0.0282116720082309
"ID_5WXDO9CU7F",25,25,30,40,15,20,1,0,25,60,25,65,20,20,0,0,25,25,10,50,20,20,0,0,25,30,5,30,15,5,0,0,4,40,8,40,3,40,1,0,30,40,25,50,5,35,0,0,4,25,40,30,15,30,1,0,40,25,20,60,35,20,0,0,3,0,3,0.00375,0.04125,0.14125,0.10375,0.0725,0.1225,0.0808333333333333,0.0519414734741581
"ID_6QMYRYJ2ID",50,50,33,50,33,50,0,0,50,50,33,33,33,33,0,1,50,50,20,50,33,50,0,0,50,50,33,33,60,33,1,1,20,50,33,66,50,60,1,0,50,50,40,66,33,33,0,0,20,50,50,66,33,50,1,0,50,50,33,33,50,50,0,1,3,3,6,0.3775,0.41,0.325,0.2925,0.35125,0.30875,0.344166666666667,0.0442412891614459
"ID_FOXS0KC3OD",40,45,60,60,30,40,1,0,40,65,80,40,20,70,1,1,40,40,5,50,80,70,1,0,45,70,60,50,60,90,1,1,60,60,60,40,30,70,1,1,70,60,70,65,60,50,1,1,60,45,10,50,40,20,0,1,60,40,60,40,30,60,1,1,7,6,13,0.6125,0.475,0.425,0.5625,0.51875,0.49375,0.514583333333333,0.0662224785602794
"ID_BKU9G7QW1I",50,50,35,50,15,10,0,0,40,10,10,50,10,20,1,0,40,50,15,60,20,50,0,0,50,30,60,55,20,15,1,0,5,60,10,65,3,40,1,0,30,60,15,75,10,25,0,0,5,50,3,40,4,35,0,1,60,40,30,65,30,0,0,0,3,1,4,0.01875,0.0025,0.0125,0.02875,0.015625,0.020625,0.0164583333333333,0.00877377721774759
"ID_XGS73O0XJA",25,33,20,33,10,10,0,0,33,50,25,20,20,20,0,1,33,25,15,60,80,20,1,0,33,15,5,40,33,15,0,0,10,60,10,10,5,50,0,1,15,60,50,33,15,33,1,1,10,33,5,5,10,20,0,1,60,33,40,66,25,0,1,0,3,4,7,0.15,0.3,0.18625,0.03625,0.168125,0.11125,0.158645833333333,0.0873323542804536
"ID_8B7VG4BD1J",50,50,100,10,30,20,1,1,20,50,10,30,30,10,1,1,20,50,15,60,15,20,0,0,50,50,20,30,15,15,0,1,5,50,5,60,5,50,0,0,50,50,20,60,15,20,0,0,5,50,10,5,3,20,1,1,50,20,5,50,15,5,0,0,3,4,7,0.13125,0.24125,0.07875,-0.03125,0.105,0.02375,0.0914583333333333,0.093816365398936
"ID_HL1IIV2OEQ",10,9,9,8,8,15,1,1,60,80,80,80,9,18,1,0,60,10,7,8,60,9,0,1,9,20,19,18,8,30,1,1,2,50,4,10,2,30,1,1,20,50,20,28,8,60,1,1,2,9,1,2,2,8,0,1,50,60,60,80,9,10,1,0,6,6,12,0.19875,0.2,0.11625,0.115,0.1575,0.115625,0.150520833333333,0.0411749633171259
"ID_IE02B4NYUW",40,60,60,80,35,30,1,0,30,20,30,30,70,20,1,0,30,40,30,100,25,50,1,0,60,15,20,40,60,20,1,1,15,40,20,35,10,50,1,1,15,40,35,20,20,100,1,1,15,60,10,30,10,100,1,1,40,30,25,30,30,0,0,1,7,5,12,0.3125,0.25,0.30625,0.36875,0.309375,0.3375,0.3140625,0.039317914968879
"ID_ARXKBKK658",33,25,15,35,10,20,0,0,8,33,20,35,5,30,1,0,8,33,5,70,15,25,1,0,25,20,10,25,20,10,0,0,15,35,20,75,5,60,1,0,20,35,9,40,10,25,0,0,15,25,7,40,13,23,0,0,35,8,15,25,15,1,1,1,4,1,5,0.01,-0.0475,0.04375,0.10125,0.026875,0.0725,0.0344791666666667,0.0517059242656648
"ID_AA5E7NJPXP",45,46,65,32,1,40,1,1,34,59,87,21,65,30,1,1,34,45,12,78,41,70,1,0,46,64,43,78,21,67,1,0,20,43,23,54,0,78,1,0,64,43,56,34,32,32,1,1,20,46,9,67,12,35,0,0,43,34,39,69,58,0,1,0,7,3,10,0.28125,0.22125,0.3225,0.3825,0.301875,0.3525,0.3103125,0.0565460956875008
"ID_FB5SC6Q6X4",38,30,33,36,50,35,1,1,25,60,65,45,16,37,1,1,25,38,15,50,25,35,0,0,30,55,45,70,20,65,1,0,12,80,19,18,17,75,1,1,55,80,40,58,24,50,0,1,12,30,10,30,15,30,1,0,80,25,23,65,60,25,0,1,5,5,10,0.32125,0.31625,0.25,0.255,0.285625,0.2525,0.280104166666667,0.0326449093147257
"ID_U7EDBY4H6O",60,40,43,60,40,15,1,0,35,40,40,44,40,31,1,0,35,60,20,95,30,60,0,0,40,30,35,65,60,30,1,0,5,65,20,70,15,50,1,0,30,65,40,60,15,25,1,1,5,40,5,65,15,40,1,0,65,35,43,50,70,0,1,1,7,2,9,0.02125,0.18875,0.32,0.1525,0.170625,0.23625,0.1815625,0.098865241300975
"ID_ED4RPW1T2N",10,25,20,15,5,15,1,1,20,75,10,20,5,70,0,1,20,10,2,10,25,2,1,1,25,10,5,25,10,10,0,0,10,75,5,75,0,0,0,0,10,75,25,25,20,20,1,1,10,25,0,50,50,50,1,0,75,20,50,75,10,0,1,0,5,4,9,0.065,0.18125,0.0775,-0.03875,0.07125,0.019375,0.0626041666666667,0.0728294418773525
"ID_UM8BDBXZYU",35,45,40,45,1,15,1,0,80,72,68,82,10,55,0,0,80,35,18,40,83,29,1,1,45,50,37,61,35,66,1,0,44,60,46,26,29,65,1,1,50,60,77,75,36,8,1,0,44,45,17,28,57,42,1,1,60,80,83,78,10,0,1,1,7,4,11,0.35375,0.34125,0.26125,0.27375,0.3075,0.2675,0.300833333333333,0.0397229992154
"ID_JYAJ164HBG",70,70,48,68,4,12,0,1,20,25,10,21,5,12,0,1,20,70,8,70,14,60,0,0,70,19,15,55,45,10,0,1,2,39,2,40,3,35,1,0,19,39,15,20,4,15,0,1,2,70,1,68,3,60,1,1,39,20,35,25,15,0,1,1,3,6,9,0.09875,0.0975,-0.01875,-0.0175,0.04,-0.018125,0.0303125,0.057150773726171
"ID_OW9ZG6SPVQ",80,85,80,85,40,20,0,0,30,15,15,40,30,15,0,0,30,80,15,75,20,80,0,1,85,60,60,85,50,15,0,0,15,80,10,50,10,80,0,1,60,80,85,80,50,40,1,0,15,85,10,80,5,80,0,1,80,30,25,80,50,0,0,0,1,3,4,0.1875,0.24375,0.2,0.14375,0.19375,0.171875,0.190104166666667,0.0330964893027443
"ID_0GN5N1TAG1",40,35,35,45,20,1,0,0,7,50,12,48,5,10,1,1,7,40,5,40,12,60,1,0,35,15,8,27,15,20,1,1,2,40,2,21,1,24,0,1,15,40,15,25,4,15,0,1,2,35,1,15,2,49,1,1,40,7,10,40,17,3,1,0,5,5,10,0.08625,0.09625,0.02,0.01,0.053125,0.015,0.0467708333333333,0.037750034492258
"ID_WBTNJU6511",45,40,37,50,30,50,1,0,40,40,43,35,33,40,1,1,40,45,38,30,40,45,0,1,40,40,50,40,30,37,1,0,7,56,34,60,15,15,1,0,40,56,60,60,40,40,1,0,7,40,5,50,23,60,1,0,56,40,55,37,50,2,1,1,7,3,10,0.2525,0.32,0.385,0.3175,0.31875,0.35125,0.324166666666667,0.0439578396496764
"ID_P5DS82IEEX",80,100,70,100,80,10,0,0,100,100,100,100,50,50,0,0,100,80,30,50,100,50,0,1,100,50,70,80,50,100,1,1,30,80,100,70,20,100,1,1,50,80,100,70,100,100,1,1,30,100,20,50,20,80,0,1,80,100,100,50,100,0,1,1,4,6,10,0.6125,0.8,0.675,0.4875,0.64375,0.58125,0.633333333333333,0.103958124582289
"ID_MT6P7ZDV2N",60,65,30,60,20,10,0,1,25,45,30,45,20,14,1,0,25,60,10,75,10,60,0,0,65,15,15,50,30,20,1,1,15,50,15,50,10,30,0,0,15,50,10,40,20,10,1,1,15,65,10,60,20,50,1,1,50,25,40,40,15,0,1,1,5,5,10,0.055,0.125,0.04375,-0.02625,0.049375,0.00875,0.0426041666666667,0.0507481783334798
"ID_TOXCR3W149",65,45,30,45,60,20,0,1,55,50,70,55,40,30,1,0,55,65,60,40,30,65,1,1,45,60,55,60,55,45,1,0,15,60,60,60,25,80,1,0,60,60,60,60,25,30,0,0,15,45,30,45,70,60,1,0,60,55,40,60,25,20,0,0,5,2,7,0.36875,0.43125,0.45625,0.39375,0.4125,0.425,0.414583333333333,0.0305334516009355
"ID_UTIZ5PGMZW",50,40,40,60,30,20,0,0,50,70,50,70,30,60,0,0,50,50,80,90,60,40,1,0,40,50,30,50,30,50,0,0,10,60,20,70,20,70,1,0,50,60,50,60,40,50,0,0,10,40,20,50,10,40,1,0,60,50,60,70,50,0,1,0,4,0,4,0.1625,0.2125,0.375,0.325,0.26875,0.35,0.282291666666667,0.0829548697586023
"ID_KL4TVICVCT",45,30,15,45,20,20,0,0,50,65,40,80,10,10,0,0,50,45,5,80,35,40,0,0,30,75,20,30,10,35,0,1,15,60,20,75,0,35,1,0,75,60,35,70,25,55,0,1,15,30,0,50,20,15,1,0,60,50,35,55,20,5,0,1,2,3,5,0.0875,0.0875,-0.0375,-0.0375,0.025,-0.0375,0.0145833333333333,0.061449505015636
"ID_UXJL5B76YN",30,30,22,27,8,8,0,1,22,30,21,38,7,40,1,0,22,30,8,38,18,18,0,0,30,10,7,28,20,11,1,1,5,40,6,45,3,22,1,0,10,40,8,32,3,23,0,1,5,30,3,30,6,20,1,0,40,22,22,45,25,0,0,0,4,3,7,0.02875,0.04875,0.02875,0.00875,0.02875,0.01875,0.0270833333333333,0.0132916013582513
"ID_C84W8ZY8QZ",10,15,25,25,20,20,1,0,15,10,60,15,5,20,1,0,15,10,15,5,17,10,1,1,15,10,5,10,20,10,1,1,20,10,5,15,15,12,1,1,10,10,10,10,10,5,0,0,20,15,5,20,15,10,0,0,10,15,15,15,12,30,1,0,6,3,9,0.14625,0.1175,0.17375,0.2025,0.16,0.188125,0.1646875,0.0304952609023107
"ID_BY3FVB6E6C",40,20,40,40,20,20,1,0,40,40,10,10,30,30,0,1,40,40,30,20,20,30,0,1,20,20,40,30,20,20,1,0,5,40,4,7,4,30,0,1,20,40,40,40,20,10,1,0,5,20,6,60,30,30,1,0,40,40,20,30,20,0,0,1,4,4,8,0.17875,0.23375,0.18,0.125,0.179375,0.1525,0.174895833333333,0.0360997244333896
"ID_URY75YEEYJ",40,50,50,40,40,20,1,1,40,40,30,40,20,40,0,0,40,40,10,70,30,30,0,0,50,50,30,50,40,40,0,0,10,70,10,80,10,80,1,0,50,70,50,80,30,40,0,0,10,50,0,50,10,40,0,0,70,40,50,80,60,0,1,0,3,1,4,0.1375,0.2,0.2,0.1375,0.16875,0.16875,0.16875,0.0279508497187474
"ID_CKBPQX3N8D",65,12,20,40,5,25,1,1,10,25,10,75,15,72,1,0,10,65,5,30,5,40,0,1,12,10,10,14,10,10,0,0,5,25,20,20,5,20,1,1,10,25,10,15,10,15,0,1,5,12,15,35,60,30,1,0,25,10,10,15,66,10,1,1,5,5,10,0.15,0.145,0.1675,0.1725,0.15875,0.17,0.160625,0.0112846688032924
"ID_HK5VCSPSIM",54,50,30,50,65,70,1,1,30,80,60,50,60,75,1,1,30,54,44,45,35,60,1,1,50,77,65,35,45,70,1,1,55,55,54,65,45,43,0,0,77,55,76,60,70,70,1,1,55,50,65,86,40,55,1,0,55,30,40,60,65,54,1,0,7,5,12,0.565,0.53125,0.56625,0.6,0.565625,0.583125,0.568541666666667,0.022887860683486
"ID_Y4QTF1SDIX",40,36,35,35,20,13,0,1,16,65,21,70,5,23,1,0,16,40,5,48,25,19,1,0,36,48,49,46,24,20,1,1,7,65,6,60,3,64,0,1,48,65,15,75,9,60,0,0,7,36,3,40,7,33,0,0,65,16,33,30,25,15,1,1,4,4,8,0.0975,0.10625,0.0625,0.05375,0.08,0.058125,0.0763541666666667,0.0218604118023121
"ID_GCPDLOA78H",90,85,50,90,55,15,0,0,40,20,40,30,45,20,1,1,40,90,40,93,30,70,0,0,85,20,40,85,50,30,1,0,10,85,20,86,10,85,1,0,20,85,55,90,40,80,1,0,10,85,10,65,20,90,1,1,85,40,40,40,80,20,0,1,5,3,8,0.26375,0.32625,0.30625,0.24375,0.285,0.275,0.283333333333333,0.0296296585648007
"ID_ZUUPXUCZW9",100,100,100,100,90,100,0,0,100,100,100,100,100,100,0,0,100,100,100,100,100,100,0,0,100,100,100,100,100,100,0,0,100,100,100,100,100,100,0,0,100,100,100,100,100,100,0,0,100,100,95,95,100,100,0,1,100,100,100,100,100,100,0,0,0,1,1,1.00625,0.99375,0.98125,0.99375,0.99375,0.9875,0.992708333333333,0.00830725084890704
"ID_DHXCRK3RDP",35,50,23,80,10,10,0,0,35,25,10,60,10,10,0,0,35,35,5,60,40,25,1,0,50,25,10,35,30,5,0,1,9,60,6,45,5,30,0,1,25,60,15,60,15,18,0,0,9,50,5,45,4,32,0,1,60,35,30,50,15,1,0,1,1,4,5,-0.0575,0.0425,-0.03125,-0.13125,-0.044375,-0.08125,-0.0505208333333333,0.0575711742468978
"ID_V5CS6DMAE8",50,50,50,50,5,15,0,0,40,50,25,60,20,35,0,0,40,50,4,70,25,35,0,0,50,25,20,70,40,30,1,0,5,25,6,50,0,29,1,0,25,25,30,50,15,20,1,0,5,50,3,50,5,45,0,0,25,40,20,40,25,0,0,0,3,0,3,0.01125,0.0125,0.06625,0.065,0.03875,0.065625,0.0432291666666667,0.0264291998396975
"ID_DW5PTDIP4J",30,20,20,50,12,5,0,0,25,40,15,40,5,15,0,0,25,30,5,60,20,30,0,0,20,30,5,50,10,20,0,0,5,40,10,50,0,20,1,0,30,40,20,50,5,25,0,0,5,20,5,50,10,15,1,0,40,25,30,40,20,0,1,0,3,0,3,-0.1,-0.07875,0.015,-0.00625,-0.0425,0.004375,-0.0346875,0.0470567310541223
"ID_L3VAL1LYYH",40,50,30,55,15,15,0,0,30,50,15,60,20,15,0,0,30,40,15,60,20,35,0,0,50,25,30,45,35,10,1,1,4,40,2,45,2,40,0,0,25,40,25,40,10,30,0,0,4,50,2,40,3,45,0,1,40,30,25,50,25,0,0,0,1,2,3,0.0225,0.075,0.06375,0.01125,0.043125,0.0375,0.0421875,0.0241212756192536
"ID_JMBKE1GO4N",28,30,25,45,40,10,1,0,30,25,17,40,15,20,0,0,30,28,10,40,20,20,0,0,30,10,18,40,24,10,1,0,5,50,5,5,3,35,0,1,10,50,25,57,15,30,1,0,5,30,2,45,5,30,0,0,50,30,25,50,35,0,0,0,3,1,4,0.02625,0.11,0.12,0.03625,0.073125,0.078125,0.0739583333333333,0.0377753777832422
"ID_0CEGQ7PNCX",3,25,25,33,0,1,1,0,50,50,50,58,6,8,0,0,50,3,2,75,40,25,1,0,25,5,2,40,33,6,1,0,2,70,1,70,0,67,0,0,5,70,6,70,0,60,1,0,2,25,0,33,2,0,0,0,70,50,50,70,8,0,0,0,4,0,4,-0.09375,-0.0775,0.0225,0.00625,-0.035625,0.014375,-0.0272916666666667,0.0496938544154774
"ID_ROCS9OMKHE",20,30,25,25,20,10,1,1,35,30,25,40,5,30,0,0,35,20,5,50,25,20,0,0,30,15,15,20,15,20,1,1,10,30,10,25,5,35,1,1,15,30,25,30,10,30,1,0,10,30,5,30,10,25,0,0,30,35,35,40,40,3,1,0,5,3,8,0.1225,0.1125,0.1125,0.1225,0.1175,0.1175,0.1175,0.00447213595499958
"ID_FISEQIYML8",40,30,15,25,5,5,0,1,15,50,50,50,3,40,1,0,15,40,10,25,10,40,0,1,30,50,30,50,20,7,0,0,3,15,13,33,3,13,1,0,50,15,10,20,30,20,1,1,3,30,3,33,5,25,1,0,15,15,15,15,7,0,0,0,4,3,7,0.0875,0.09625,0.0725,0.06375,0.08,0.068125,0.0780208333333333,0.0123137160989957
"ID_NLPC2YX45I",35,55,44,65,2,25,1,0,55,50,35,65,25,25,0,0,55,35,10,75,35,45,1,0,55,33,60,85,33,40,1,0,5,75,5,6,5,85,1,1,33,75,25,90,25,15,0,0,5,55,2,55,3,75,1,0,75,55,45,90,30,5,0,0,5,1,6,0.1275,0.075,0.0825,0.135,0.105,0.10875,0.105625,0.0237664416772894
"ID_F6XV6JSHLK",25,60,18,25,6,10,0,1,14,25,7,25,3,17,0,0,14,25,3,30,7,23,0,0,60,10,5,60,33,10,0,0,1,25,1,20,1,25,0,1,10,25,15,25,8,20,1,0,1,60,1,35,1,60,0,1,25,14,13,20,14,1,0,1,1,4,5,0.095,0.09625,-0.0175,-0.01875,0.03875,-0.018125,0.0292708333333333,0.0559218437121548
"ID_ZZ5T5KVD0T",60,60,50,70,60,40,0,0,60,50,70,60,30,50,1,0,60,60,60,80,60,60,0,0,60,80,60,80,60,70,0,0,20,70,20,30,20,95,1,1,80,70,70,60,30,80,1,1,20,60,20,60,20,60,0,0,70,60,70,80,60,0,1,0,4,2,6,0.45625,0.4125,0.4125,0.45625,0.434375,0.434375,0.434375,0.0195655948031232
"ID_DDLHMVB4ML",33,66,66,33,33,33,1,1,33,33,33,15,33,66,1,1,33,33,33,33,15,33,0,0,66,33,33,33,66,33,0,1,33,33,33,15,13,33,0,1,33,33,33,66,33,33,0,0,33,66,33,33,33,33,0,1,33,33,33,33,33,15,0,0,2,5,7,0.39375,0.41,0.32375,0.3075,0.35875,0.315625,0.3515625,0.0430184371810506
"ID_1BPR7LEAL4",50,60,50,60,35,40,0,0,25,20,45,50,40,20,1,0,25,50,45,35,40,40,1,1,60,15,35,40,40,30,1,1,30,50,3,60,5,30,0,0,15,50,40,40,30,30,1,1,30,60,15,80,55,40,1,0,50,25,30,30,60,40,1,1,6,4,10,0.2,0.3,0.35375,0.25375,0.276875,0.30375,0.281354166666667,0.0519441055767318
"ID_LISU7ZNRJB",30,30,25,25,10,15,0,1,35,40,40,30,15,30,1,1,35,30,15,38,30,35,1,0,30,20,20,30,21,40,1,0,5,60,6,65,4,55,1,0,20,60,35,65,10,55,1,0,5,30,4,45,6,22,1,0,60,35,44,68,55,8,1,0,7,2,9,0.1425,0.1125,0.15,0.18,0.14625,0.165,0.149375,0.0228000822366938
"ID_P9321MGRAD",60,45,34,40,15,25,0,1,35,25,28,45,30,20,1,0,35,60,20,65,29,35,0,0,45,45,25,40,30,39,0,1,2,65,2,75,2,40,0,0,45,65,28,40,15,20,0,1,2,45,1,32,3,60,1,1,65,35,34,70,30,4,0,0,2,4,6,0.15625,0.165,0.04625,0.0375,0.10125,0.041875,0.0913541666666667,0.0585080345266073
"ID_2M5QLG0DER",50,70,50,50,50,70,0,1,50,50,50,40,30,40,0,1,50,50,30,100,40,50,0,0,70,70,40,50,50,50,0,1,30,50,30,20,20,60,1,1,70,50,50,40,40,40,0,1,30,70,30,70,30,70,0,0,50,50,40,50,0,0,0,0,1,5,6,0.45,0.375,0.225,0.3,0.3375,0.2625,0.325,0.0810092587300982
"ID_F9FT6KKUUQ",60,50,45,40,40,10,0,1,100,50,40,30,50,30,0,1,100,60,100,30,5,39,1,1,50,50,40,40,20,42,0,1,33,30,30,23,55,60,1,1,50,30,40,44,0,70,1,1,33,50,58,47,44,20,1,1,30,100,50,50,40,30,1,1,5,8,13,0.56625,0.4625,0.25125,0.355,0.40875,0.303125,0.391145833333333,0.113743417849855
"ID_OY7PMXF80P",40,40,30,30,15,10,0,1,15,20,20,15,20,30,1,1,15,40,20,40,15,35,1,0,40,40,15,35,20,10,0,1,10,25,5,25,5,25,0,0,40,25,15,25,10,35,1,1,10,40,0,40,10,30,0,0,25,15,20,20,15,0,1,1,4,5,9,0.175,0.15625,0.05,0.06875,0.1125,0.059375,0.103645833333333,0.0529008752684364
"ID_XZ3X1W2OJ8",40,35,35,60,5,20,0,0,40,50,20,70,10,20,0,0,40,40,5,50,30,35,0,0,35,15,5,50,25,15,0,0,2,70,3,70,2,50,1,0,15,70,10,50,1,25,0,1,2,35,2,45,1,40,1,0,70,40,45,80,10,0,1,0,3,1,4,-0.0325,-0.045,-0.04375,-0.03125,-0.038125,-0.0375,-0.0380208333333333,0.00562384247349325
"ID_JNWWV2K4BD",42,50,32,68,4,26,0,0,16,50,7,62,8,24,0,0,16,42,5,60,19,28,1,0,50,18,6,60,38,5,0,0,5,35,2,42,2,26,0,0,18,35,8,30,6,32,0,1,5,50,2,68,3,38,0,0,35,16,11,61,22,0,0,0,1,1,2,-0.10625,-0.06625,-0.015,-0.055,-0.060625,-0.035,-0.0563541666666667,0.0308990712508753
"ID_VCD9AVU0KK",50,40,50,50,3,30,1,0,25,50,70,80,50,20,1,0,25,50,20,80,60,50,1,0,40,90,30,95,30,60,0,0,3,60,3,40,2,50,0,1,90,60,60,70,30,70,1,1,3,40,5,40,3,60,1,0,60,25,40,50,40,0,1,1,6,3,9,0.16375,0.16,0.25,0.25375,0.206875,0.251875,0.214375,0.0442754164294363
"ID_U01JNCD2YJ",68,78,60,70,10,15,0,1,30,65,32,38,12,26,1,1,30,68,15,53,25,36,0,1,78,28,50,80,45,40,1,0,3,35,5,30,2,74,1,1,28,35,35,40,20,26,1,0,3,78,5,60,3,64,1,1,35,30,15,23,30,26,0,1,5,6,11,0.235,0.2125,0.11125,0.13375,0.173125,0.1225,0.1646875,0.0507810096148157
"ID_YINSZP4MCK",40,50,45,45,45,20,1,1,40,60,65,70,45,75,1,0,40,40,25,70,65,45,1,0,50,40,40,50,40,35,0,0,15,75,30,60,10,70,1,1,40,75,50,45,50,65,1,1,15,50,10,60,30,65,1,0,75,40,70,80,30,5,1,0,7,3,10,0.26875,0.33125,0.41875,0.35625,0.34375,0.3875,0.351041666666667,0.0512982496452527
"ID_Z6DVYXONQR",50,60,50,65,40,20,0,0,20,40,8,45,12,33,0,0,20,50,10,65,13,55,1,0,60,30,15,65,55,22,0,0,7,35,5,45,5,40,1,0,30,35,35,35,15,30,1,0,7,60,8,70,8,50,1,0,35,20,20,40,30,0,0,0,4,0,4,0.06125,0.0975,0.125,0.08875,0.093125,0.106875,0.0954166666666667,0.0211085981691506
"ID_U5FZTWOKCY",20,30,25,25,25,30,1,1,55,85,70,70,45,75,1,1,55,20,70,55,65,55,1,0,30,50,50,70,10,50,1,0,5,85,70,70,0,70,1,1,50,85,70,65,50,70,1,1,5,30,5,55,55,30,1,0,85,55,85,75,40,55,1,1,8,5,13,0.31875,0.30625,0.5375,0.55,0.428125,0.54375,0.447395833333333,0.113818946595752
"ID_WF0FWF3RZ1",100,100,70,100,40,55,0,0,80,100,80,40,65,90,0,1,80,100,20,65,100,100,1,1,100,100,50,100,100,40,0,0,15,60,15,30,15,80,1,1,100,60,75,67,75,90,1,1,15,100,10,15,12,60,0,1,60,80,90,60,100,45,1,1,4,6,10,0.79125,0.9125,0.45875,0.3375,0.625,0.398125,0.5871875,0.229557914125172
"ID_F9UT85PCQ5",50,50,50,75,7,20,0,0,15,40,10,25,8,10,0,1,15,50,4,60,25,50,1,0,50,10,5,75,40,10,0,0,4,15,3,19,4,21,1,0,10,15,10,25,4,7,0,0,4,50,3,65,3,47,0,0,15,15,20,17,13,0,1,0,3,1,4,-0.04125,-0.015,0.0575,0.03125,0.008125,0.044375,0.0141666666666667,0.0375242976838563
"ID_XFWJKJNP0A",35,30,30,35,4,5,0,0,20,25,25,35,25,10,1,0,20,35,20,30,35,35,1,1,30,25,25,40,10,20,0,0,5,32,5,35,5,30,0,0,25,32,25,35,20,15,0,0,5,30,5,35,10,35,1,0,32,20,20,25,30,2,0,1,3,2,5,0.0675,0.1225,0.1525,0.0975,0.11,0.125,0.1125,0.0286792607994
"ID_UX7TCT7O3M",30,40,90,45,10,10,1,0,80,15,30,55,25,60,1,1,80,30,70,30,35,25,1,1,40,30,50,50,60,60,1,0,15,35,55,80,5,10,1,0,30,35,80,90,40,25,1,0,15,40,5,15,50,70,1,1,35,80,30,45,5,5,0,1,7,4,11,0.225,0.15625,0.39375,0.4625,0.309375,0.428125,0.329166666666667,0.120734514189881
"ID_IR4HWFKYB5",45,50,20,50,40,7,0,0,25,40,15,35,15,35,0,1,25,45,25,65,30,30,1,0,50,60,7,55,40,5,0,1,10,60,10,25,2,20,0,1,60,60,15,15,5,20,0,1,10,50,0,33,5,40,0,1,60,25,20,40,30,0,0,1,1,6,7,0.155,0.29875,-0.0075,-0.15125,0.07375,-0.079375,0.0482291666666667,0.163702481973141
"ID_O8R3DUWQPO",50,50,50,50,60,50,1,0,60,60,60,60,40,70,1,0,60,50,40,90,70,70,1,0,50,80,50,80,60,70,1,0,40,70,40,60,40,80,1,1,80,70,50,80,70,60,0,0,40,50,10,40,40,70,1,1,70,60,70,70,70,30,1,0,7,2,9,0.525,0.5125,0.4625,0.475,0.49375,0.46875,0.489583333333333,0.0252074724370903
"ID_7MDFWYPVZN",100,70,60,60,40,80,1,1,60,60,40,60,40,70,1,0,60,100,60,80,70,80,1,1,70,90,60,50,60,50,0,1,10,50,40,20,20,70,1,1,90,50,40,80,50,100,1,1,10,70,100,30,30,70,1,1,50,60,40,50,70,20,1,1,7,7,14,0.7,0.625,0.4625,0.5375,0.58125,0.5,0.567708333333333,0.0866401201330346
"ID_HMIIVNUQKC",45,35,35,35,15,70,1,1,40,60,40,40,40,50,0,1,40,45,25,20,30,30,0,1,35,65,75,50,40,55,1,1,10,20,15,10,1,15,1,1,65,20,45,75,40,35,1,0,10,35,15,15,5,40,1,1,20,40,15,35,40,25,1,1,6,7,13,0.38125,0.31375,0.26375,0.33125,0.3225,0.2975,0.318333333333333,0.0389283529919603
"ID_HPXOVEB1Z0",30,30,30,30,3,60,1,0,30,70,28,27,3,70,0,1,30,30,3,30,27,30,0,0,30,35,30,50,20,30,0,0,5,75,5,50,3,50,0,1,35,75,30,50,30,50,0,1,5,30,2,2,3,30,0,1,75,30,30,30,70,1,0,1,1,5,6,0.365,0.33125,0.09625,0.13,0.230625,0.113125,0.211041666666667,0.116506884632054
"ID_OEE12RSUXG",58,80,50,60,54,45,0,1,60,80,60,66,40,30,0,1,60,58,34,75,55,55,0,0,80,60,40,67,60,50,0,1,40,58,20,60,38,70,1,0,60,58,60,70,35,40,1,0,40,80,30,70,30,70,0,1,58,60,66,76,50,0,1,0,3,4,7,0.34,0.44,0.3325,0.2325,0.33625,0.2825,0.327291666666667,0.0692297653951439
"ID_GINX172LE6",50,60,30,76,20,20,0,0,20,40,70,40,40,20,1,0,20,50,20,75,30,40,1,0,60,18,20,60,25,20,1,0,5,70,10,75,5,40,1,0,18,70,10,30,20,40,1,1,5,60,1,80,20,90,1,0,70,20,40,75,30,4,1,0,7,1,8,0.01375,0.08375,0.17875,0.10875,0.09625,0.14375,0.104166666666667,0.0562231417360029
"ID_L0AI8K9JU9",15,12,13,15,12,16,1,0,15,55,25,32,10,24,1,1,15,15,10,40,26,25,1,0,12,17,4,18,14,15,1,0,1,25,1,36,1,37,1,0,17,25,13,28,8,23,0,0,1,12,1,15,1,14,1,0,25,15,26,35,15,5,1,0,7,1,8,0.05125,0.055,0.09875,0.095,0.075,0.096875,0.0786458333333333,0.0215726123630558
"ID_5NKLXPNKO4",50,60,25,35,30,40,0,1,30,40,25,30,45,30,1,1,30,50,30,40,30,25,0,1,60,50,70,40,50,40,1,1,15,40,14,25,10,50,1,1,50,40,35,50,30,45,1,0,15,60,10,30,10,70,1,1,40,30,40,40,40,20,1,0,6,6,12,0.4,0.40625,0.255,0.24875,0.3275,0.251875,0.314895833333333,0.0744064184339407
"ID_COSLLIZG1O",20,20,15,30,30,15,1,0,40,50,50,60,25,30,1,0,40,20,15,60,50,25,1,0,20,40,25,15,15,50,1,1,10,70,20,80,10,70,1,0,40,70,50,60,30,60,1,1,10,20,5,40,25,20,1,0,70,40,50,70,60,5,1,0,8,2,10,0.1375,0.2,0.28125,0.21875,0.209375,0.25,0.216145833333333,0.0487506677304698
"ID_DA7WNR6UUJ",100,100,100,100,100,100,0,0,100,100,100,100,100,100,0,0,100,100,100,100,100,100,0,0,100,100,100,100,100,100,0,0,90,100,90,100,90,100,0,0,100,100,100,100,100,100,0,0,90,100,90,90,90,100,0,1,100,100,100,100,100,100,0,0,0,1,1,0.9875,0.9875,0.975,0.975,0.98125,0.975,0.980208333333333,0.00614495050156357
"ID_V5WXL1HWMR",20,15,10,15,2,2,0,1,20,60,5,75,3,25,0,0,20,20,5,10,15,5,0,1,15,35,3,35,10,10,0,0,5,60,3,65,1,40,0,0,35,60,25,50,8,10,0,1,5,15,1,30,3,10,0,0,60,20,9,30,25,0,0,1,0,4,4,-0.035,0.0525,-0.065,-0.1525,-0.05,-0.10875,-0.0597916666666667,0.0697693372239315
"ID_WFKQ9MYYWT",35,40,45,60,5,60,1,0,70,75,40,80,15,60,0,0,70,35,60,60,65,35,1,1,40,25,10,70,30,30,1,0,10,20,20,80,5,70,1,0,25,20,20,40,10,30,1,0,10,40,90,30,20,45,1,1,20,70,60,75,40,5,1,0,7,2,9,0.15,0.025,0.31875,0.44375,0.234375,0.38125,0.258854166666667,0.154848926712996
"ID_27G3KGM0SK",30,20,30,20,30,10,1,1,40,50,20,25,50,20,1,1,40,30,10,30,10,30,0,1,20,40,10,30,20,20,0,1,20,70,20,30,5,60,0,1,40,70,70,30,20,30,1,1,20,20,10,40,10,10,0,0,70,40,60,60,40,0,1,1,4,7,11,0.24375,0.325,0.16875,0.0875,0.20625,0.128125,0.193229166666667,0.0849728050859018
"ID_BLJWFHWM37",40,50,50,15,20,10,1,1,35,50,35,38,20,40,0,1,35,40,15,40,10,65,1,0,50,40,15,60,40,22,0,0,3,30,2,30,3,55,1,0,40,30,20,40,25,25,0,0,3,50,2,65,3,75,1,0,30,35,25,42,28,3,0,0,4,2,6,0.25125,0.18,0.09625,0.1675,0.17375,0.131875,0.166770833333333,0.0520612870006751
"ID_FUEYQ6SQTW",43,20,20,34,4,43,1,1,49,61,56,57,15,45,1,1,49,43,35,46,34,41,0,1,20,54,11,65,43,60,1,0,45,32,34,68,21,56,1,0,54,32,48,78,24,57,1,0,45,20,42,65,45,38,1,0,32,49,48,50,50,5,1,0,7,3,10,0.27375,0.105,0.24125,0.41,0.2575,0.325625,0.268854166666667,0.100904051475482
"ID_7HF90IG7KE",50,80,85,90,80,75,1,0,50,50,85,75,70,50,1,0,50,50,40,90,75,60,1,0,80,80,75,85,60,70,0,0,20,85,80,70,30,80,1,1,80,85,25,60,85,90,1,1,20,80,25,70,20,90,1,1,85,50,79,85,80,30,1,0,7,3,10,0.44375,0.54375,0.69875,0.59875,0.57125,0.64875,0.584166666666667,0.0883518062445057
"ID_4QJHCFYM6L",40,35,35,40,10,17,0,0,30,55,35,42,12,32,1,1,30,40,18,55,15,25,0,0,35,30,25,45,23,40,1,0,15,40,15,60,10,60,1,0,30,40,35,40,15,70,1,0,15,35,12,39,10,38,1,0,40,30,35,40,15,8,1,0,6,1,7,0.205,0.0675,0.10625,0.24375,0.155625,0.175,0.158854166666667,0.0643748988672345
"ID_11Z4QL9AZV",20,30,20,60,10,10,0,0,30,40,30,20,30,20,0,1,30,20,20,50,30,30,1,0,30,50,20,70,30,50,0,0,20,20,20,40,20,60,1,0,50,20,30,30,10,30,1,1,20,30,10,70,20,40,1,0,20,30,30,60,40,10,1,0,5,2,7,0.0875,0.0375,0.1875,0.2375,0.1375,0.2125,0.15,0.0770551750371122
"ID_2260V6976P",50,50,25,40,10,30,0,1,68,33,25,35,32,35,1,1,68,50,30,66,46,25,0,1,50,80,43,34,10,60,0,1,10,75,40,25,20,70,1,1,80,75,50,45,25,20,0,1,10,50,12,12,30,1,1,1,75,68,50,70,60,0,0,1,3,8,11,0.40625,0.48375,0.12125,0.04375,0.26375,0.0825,0.233541666666667,0.181542723392227
"ID_VRB9WWP46Z",50,15,40,20,15,30,1,1,15,50,30,40,10,50,1,1,15,50,10,5,50,30,1,1,15,20,10,20,20,15,1,0,5,70,15,10,10,25,1,1,20,70,10,15,10,30,0,1,5,15,5,5,30,15,1,1,70,15,30,50,60,20,1,1,7,7,14,0.30625,0.43125,0.2,0.075,0.253125,0.1375,0.233854166666667,0.126682684705396
"ID_D1VTCMQYN3",50,50,25,66,33,25,0,0,40,50,33,75,33,33,0,0,40,50,66,66,33,25,1,0,50,50,25,75,33,25,0,0,15,50,25,66,33,25,1,0,50,50,33,75,25,25,0,0,15,50,15,66,30,50,1,0,50,40,33,75,33,25,0,0,3,0,3,-0.02625,0.09875,0.2475,0.1225,0.110625,0.185,0.123020833333333,0.0920448401821996
"ID_O2XLX1V6SZ",35,60,35,60,10,5,0,0,15,30,20,50,10,10,1,0,15,35,15,70,30,35,1,0,60,40,2,70,30,20,0,0,10,35,20,20,5,50,1,1,40,35,20,10,2,1,0,1,10,60,5,55,10,65,1,1,35,15,20,25,5,0,1,1,5,4,9,0.0575,0.065,0.02375,0.01625,0.040625,0.02,0.0371875,0.0205538545655067
"ID_V8KMBFO1AB",60,35,35,40,50,30,0,1,15,30,20,35,8,70,1,0,15,60,6,70,15,50,0,0,35,20,40,50,40,23,1,0,10,30,15,30,10,14,1,0,20,30,25,16,23,24,1,1,10,35,5,70,15,40,1,0,30,15,17,22,20,8,1,1,6,3,9,0.15125,0.12875,0.18625,0.20875,0.16875,0.1975,0.173541666666667,0.0300043399638563
"ID_RLDIU8C8VE",35,55,30,25,35,45,0,1,35,25,20,36,30,35,1,0,35,35,24,75,40,25,1,0,55,45,20,40,70,35,1,1,15,20,35,36,0,50,1,0,45,20,15,20,24,35,1,1,15,55,45,75,35,25,1,0,20,35,20,50,40,0,1,0,7,3,10,0.185,0.25875,0.285,0.21125,0.235,0.248125,0.2371875,0.0354166053921038
"ID_2SZ0AAIF9Y",45,45,55,50,3,4,1,0,40,20,2,25,30,3,0,1,40,45,5,85,40,60,1,0,45,55,25,90,15,15,0,0,1,55,3,5,1,60,1,1,55,55,30,65,10,5,0,0,1,45,1,58,1,5,0,0,55,40,15,35,25,0,0,1,3,3,6,0.02625,0.09,-0.02625,-0.09,8.67361737988404e-19,-0.058125,-0.0096875,0.0638647863654142
"ID_2MV216U4QI",50,40,30,50,20,20,0,0,30,50,20,20,20,100,1,1,30,50,20,65,25,40,0,0,40,60,60,70,30,25,1,0,15,70,40,50,15,20,1,1,60,70,45,70,30,15,0,0,15,40,40,70,20,50,1,0,70,30,30,60,40,10,0,1,4,3,7,0.16875,0.19375,0.21875,0.19375,0.19375,0.20625,0.195833333333333,0.0166145016978141
"ID_9TNN6A8SXK",50,50,50,50,40,40,0,0,60,50,50,50,50,50,0,1,60,50,50,50,50,50,0,1,50,50,50,50,50,50,0,0,30,60,30,50,30,60,0,1,50,60,50,50,50,50,0,1,30,50,30,50,40,60,1,0,60,60,50,50,40,50,0,1,1,5,6,0.5,0.475,0.4,0.425,0.45,0.4125,0.44375,0.0385275875185561
"ID_U8FF8MKTRO",30,25,20,25,4,23,0,1,20,60,30,60,3,15,1,0,20,30,60,70,30,35,1,0,25,20,5,45,15,5,0,0,5,60,4,5,5,80,1,1,20,60,5,5,3,30,0,1,5,25,75,75,5,15,1,0,60,20,20,20,5,2,0,1,4,4,8,0.10625,0.08125,0.13,0.155,0.118125,0.1425,0.1221875,0.0264449605312619
"ID_RLY5LN4ZL3",89,45,69,67,45,67,1,1,70,80,34,55,67,84,1,1,70,89,59,89,46,59,0,0,45,44,40,45,76,60,1,0,70,87,87,89,45,50,1,0,44,87,70,89,78,67,1,0,70,45,65,56,45,30,1,1,87,70,80,24,57,69,1,1,7,4,11,0.64625,0.615,0.5225,0.55375,0.584375,0.538125,0.576666666666667,0.0475717659611946
"ID_SZLQDS7BKP",45,45,60,70,23,38,1,0,53,59,45,60,34,25,0,0,53,45,34,85,59,43,1,0,45,29,34,50,54,68,1,0,10,56,34,70,18,57,1,0,29,56,47,60,25,59,1,0,10,45,10,38,14,37,1,1,56,53,69,65,47,8,1,0,7,1,8,0.1725,0.205,0.3825,0.35,0.2775,0.36625,0.292291666666667,0.0884605020145526
"ID_1SP93E5QZE",90,99,99,98,80,85,1,1,100,100,100,97,99,90,0,1,100,90,90,100,90,90,0,0,99,100,80,100,100,100,1,0,70,100,80,100,80,100,1,0,100,100,100,99,79,95,0,1,70,99,75,100,90,100,1,0,100,100,100,100,90,100,0,0,4,3,7,0.86875,0.8775,0.87875,0.87,0.87375,0.874375,0.873854166666667,0.00396107361288156
"ID_S1KHWTEBEL",30,50,30,40,20,30,0,1,25,40,20,50,20,30,0,0,25,30,10,50,25,35,1,0,50,15,20,65,50,20,1,0,5,50,10,50,10,20,1,0,15,50,30,60,30,50,1,0,5,50,3,55,30,70,1,0,50,25,25,60,50,0,0,0,5,1,6,0.0375,0.14375,0.2225,0.11625,0.13,0.169375,0.1365625,0.0612904840697151
"ID_HBI4GEG4BT",50,40,60,60,20,15,1,0,30,35,10,40,7,30,0,0,30,50,10,70,25,40,0,0,40,30,20,60,40,15,0,0,3,20,2,32,1,20,0,0,30,20,10,30,5,20,0,0,3,40,1,62,2,60,1,0,20,30,20,30,25,0,1,0,3,0,3,0.0275,0.0075,0.065,0.085,0.04625,0.075,0.0510416666666667,0.02964810983295
"ID_WSZ3527JAZ",50,50,60,50,50,60,1,0,100,100,100,100,50,100,0,0,100,50,60,60,100,80,1,1,50,60,50,60,50,100,1,0,10,100,10,60,10,100,0,1,60,100,100,100,70,90,1,0,10,50,10,50,20,50,1,0,100,100,100,100,100,60,0,0,5,2,7,0.675,0.6,0.575,0.65,0.625,0.6125,0.622916666666667,0.0357217254155879
"ID_MGFXRJ86QB",60,66,56,75,15,20,0,0,54,42,46,45,85,23,1,1,54,60,44,43,65,20,1,1,66,77,65,85,21,65,0,0,22,80,10,68,30,100,1,1,77,80,70,45,30,50,0,1,22,66,0,87,10,75,1,0,80,54,38,100,43,36,0,0,4,4,8,0.345,0.345,0.24125,0.24125,0.293125,0.24125,0.284479166666667,0.0510030891629778
"ID_NJP8HWU1ZX",20,40,15,15,10,15,0,1,20,30,40,20,15,25,1,1,20,20,10,30,35,30,1,0,40,55,25,60,40,25,0,0,5,60,50,25,5,5,1,1,55,60,35,50,15,65,1,1,5,40,5,20,5,25,0,1,60,20,30,50,35,20,1,1,5,6,11,0.20625,0.26875,0.18125,0.11875,0.19375,0.15,0.186458333333333,0.0512982496452527
"ID_4B3EFR2YPF",35,30,25,45,14,18,0,0,20,50,30,40,15,19,1,1,20,35,15,50,20,30,0,0,30,20,20,15,20,15,0,1,5,25,5,35,5,24,0,0,20,25,15,45,10,15,0,0,5,30,5,35,4,30,0,0,25,20,25,60,20,0,1,0,2,2,4,-0.0175,0.0225,0.11,0.07,0.04625,0.09,0.0535416666666667,0.0465860538859718
"ID_PUFXZHUG86",25,35,25,30,10,30,0,1,40,30,35,45,5,50,1,0,40,25,8,60,40,25,0,0,35,10,35,60,25,15,1,0,5,40,4,40,3,40,0,0,10,40,30,50,5,35,1,0,5,35,2,35,4,40,1,0,40,40,30,60,25,40,0,0,4,1,5,0.11875,-0.01,0.1075,0.23625,0.113125,0.171875,0.122916666666667,0.0815587084048458
"ID_2A1N4L2PJ7",20,20,15,20,20,15,0,0,50,40,35,60,8,30,0,0,50,20,20,10,15,15,0,1,20,60,15,30,12,15,0,1,30,25,10,70,5,5,0,0,60,25,25,40,9,40,1,1,30,20,5,2,5,40,1,1,25,50,30,55,30,1,1,0,3,4,7,0.19875,0.09625,-0.0325,0.07,0.083125,0.01875,0.0723958333333333,0.0781489130069425
"ID_3DJ0GJO69M",20,25,20,25,25,10,1,0,15,60,20,30,5,30,1,1,15,20,1,30,5,20,0,0,25,20,10,30,18,8,0,0,10,30,10,20,9,10,0,1,20,30,10,20,8,25,0,1,10,25,2,30,10,25,0,0,30,15,15,15,10,9,0,1,2,4,6,0.1025,0.14375,0.04125,0,0.071875,0.020625,0.0633333333333333,0.0536593227376815
"ID_D88MGY411T",99,98,78,88,5,7,0,1,56,12,24,76,78,43,1,0,56,99,46,88,78,55,1,1,98,59,44,67,89,34,0,1,2,99,1,3,3,50,1,1,59,99,24,66,34,55,0,1,2,98,0,1,3,100,1,1,99,56,18,66,76,12,0,1,4,7,11,0.465,0.66375,0.1625,-0.03625,0.31375,0.063125,0.271979166666667,0.261953125776668
"ID_8JF6W68KMZ",30,40,20,40,6,20,0,0,30,40,20,30,5,40,0,1,30,30,10,38,60,36,1,0,40,30,20,40,35,20,0,0,15,50,10,40,10,50,0,1,30,50,40,60,20,60,1,0,15,40,5,45,10,50,1,0,50,30,46,6,40,10,1,1,4,3,7,0.28375,0.24625,0.14625,0.18375,0.215,0.165,0.206666666666667,0.0519414734741581
"ID_Z7DYQXI3IK",30,37,32,35,22,27,1,1,42,30,28,45,35,15,0,0,42,30,22,45,60,32,1,0,37,30,25,52,22,32,1,0,11,62,12,40,12,33,1,1,30,62,31,62,15,23,1,0,11,37,8,35,18,37,1,1,62,42,42,42,32,0,0,1,6,4,10,0.135,0.2375,0.18875,0.08625,0.161875,0.1375,0.1578125,0.0517260663254031
"ID_65HG0IT72K",35,25,15,30,20,30,1,1,65,60,25,70,30,25,0,0,65,35,8,95,60,20,0,0,25,35,10,90,10,30,0,0,8,95,15,40,10,45,1,1,35,95,25,55,15,10,0,1,8,25,8,45,15,20,1,0,95,65,30,95,2,0,0,0,3,3,6,-0.00499999999999999,0.09625,-0.0475,-0.14875,-0.02625,-0.098125,-0.0382291666666667,0.0839293012252972
"ID_TFESR7UTZ5",33,30,27,26,5,15,0,1,28,55,40,54,12,15,1,1,28,33,8,77,28,33,0,0,30,66,30,80,40,22,1,0,5,33,5,72,4,33,0,0,66,33,45,65,15,15,1,1,5,30,3,35,5,26,0,0,33,28,48,76,29,0,1,0,4,3,7,-0.1225,-0.04875,0.145,0.07125,0.01125,0.108125,0.0273958333333333,0.100795598138841
"ID_ZR8AUN3AWS",30,30,30,20,10,20,0,1,70,60,70,60,40,50,1,1,70,30,20,50,60,20,0,1,30,70,40,30,20,60,1,1,60,70,20,60,30,70,0,1,70,70,50,60,50,50,0,1,60,30,20,20,20,10,0,1,70,70,80,70,60,20,1,0,3,7,10,0.4875,0.4375,0.2,0.25,0.34375,0.225,0.323958333333333,0.118876029613487
"ID_PY9E040B5W",60,60,60,75,20,15,0,0,30,30,25,60,25,20,0,0,30,60,15,65,30,60,0,0,60,20,15,70,55,20,0,0,10,40,20,40,0,40,1,0,20,40,40,45,10,25,1,0,10,60,15,70,10,50,1,0,40,30,25,35,45,0,1,1,4,1,5,0.0375,0.09375,0.1875,0.13125,0.1125,0.159375,0.1203125,0.0525055800605993
"ID_6SZWDP0P72",30,66,20,75,15,15,0,0,28,25,15,65,10,20,0,0,28,30,15,80,25,15,0,0,66,25,13,70,50,16,0,0,5,33,5,50,0,36,1,0,25,33,30,40,10,13,1,0,5,66,5,65,5,40,0,1,33,28,27,60,35,0,1,0,3,1,4,-0.1625,-0.06125,0.075,-0.02625,-0.04375,0.024375,-0.0323958333333333,0.0808494131343368
"ID_ATXVP32BHN",100,100,100,100,50,20,0,0,100,100,100,100,100,100,0,0,100,100,100,100,100,100,0,0,100,100,100,100,100,100,0,0,100,100,100,100,20,100,0,0,100,100,50,100,100,90,0,0,100,100,0,100,100,100,0,0,100,100,100,100,100,100,0,0,0,0,0,0.8875,0.8375,0.65,0.7,0.76875,0.675,0.753125,0.0948477398254697
"ID_542LNPOBAC",25,20,20,30,20,5,0,0,30,25,20,50,5,10,0,0,30,25,5,65,30,30,1,0,20,25,12,50,20,15,0,0,15,45,10,60,3,40,0,0,25,45,20,60,20,60,1,0,15,20,2,35,10,30,1,0,45,30,30,50,40,10,0,0,3,0,3,0.00625,-0.02125,0.0775,0.105,0.041875,0.09125,0.0501041666666667,0.0500787140825987
"ID_W15YXLE4QF",80,70,80,50,15,10,1,1,20,90,80,15,60,50,1,1,20,80,30,60,10,50,1,1,70,70,50,50,70,40,0,1,30,70,80,50,20,70,1,1,70,70,70,30,50,50,0,1,30,70,0,10,30,90,1,1,70,20,60,80,40,40,1,0,6,7,13,0.55625,0.6125,0.44375,0.3875,0.5,0.415625,0.4859375,0.0866870719167512
"ID_YMJ7PKXCG3",18,6,16,25,6,3,1,0,15,45,9,33,3,30,0,1,15,18,6,33,8,15,0,0,6,12,9,25,10,32,1,0,5,39,5,43,2,20,0,0,12,39,19,39,6,20,1,0,5,6,2,25,4,20,1,0,39,15,42,42,41,6,1,0,5,1,6,-0.005,-0.00625,0.09125,0.0925,0.043125,0.091875,0.05125,0.047933873722035
"ID_UUOXNG0Z3O",30,50,10,40,20,40,0,1,5,12,30,30,5,15,1,0,5,30,5,60,10,30,1,0,50,30,10,10,20,20,0,1,10,30,60,5,15,30,1,1,30,30,20,10,20,10,0,1,10,50,5,60,10,50,0,0,30,5,10,30,30,1,1,0,4,4,8,0.15125,0.1525,0.1375,0.13625,0.144375,0.136875,0.143125,0.00739509972887451
"ID_9ZHG99I0OF",40,50,40,43,40,38,0,1,50,50,40,65,37,30,0,0,50,40,30,75,42,38,0,0,50,45,35,70,40,45,0,0,19,75,22,55,15,55,1,1,45,75,40,70,35,40,0,1,19,50,18,70,20,45,1,0,75,50,50,50,75,2,0,1,2,4,6,0.17875,0.30125,0.28875,0.16625,0.23375,0.2275,0.232708333333333,0.0551272202878638
"ID_IHVF03J3AF",15,7,1,15,3,13,1,0,15,15,5,15,2,15,0,0,15,15,4,8,10,15,0,1,7,8,3,12,15,10,1,0,1,20,1,15,1,15,0,1,8,20,8,33,12,6,1,0,1,7,1,9,1,13,1,0,20,15,20,10,7,0,1,1,5,3,8,0.065,0.05125,0.015,0.02875,0.04,0.021875,0.0369791666666667,0.0188514615923187
"ID_VI561L38ZC",45,36,20,68,23,15,0,0,55,20,17,35,35,15,0,1,55,45,15,56,17,45,0,0,36,40,35,78,25,70,1,0,2,90,2,72,0,70,0,1,40,90,55,66,12,19,1,1,2,36,2,26,3,20,1,1,90,55,55,75,50,1,0,1,3,5,8,0.13,0.12625,0.05125,0.055,0.090625,0.053125,0.084375,0.0369078243737016
"ID_G0V85E0J2M",49,49,30,69,19,15,0,0,10,8,8,13,9,7,0,0,10,49,9,60,7,45,0,0,49,10,4,69,30,8,0,0,2,19,1,65,2,16,0,0,10,19,9,20,5,10,0,0,2,49,1,55,1,50,1,0,19,10,7,19,10,0,0,0,1,0,1,-0.085,-0.0925,0.00125,0.00875,-0.041875,0.005,-0.0340625,0.0462090190060339
"ID_G80GTXPS9B",46,37,47,27,16,27,1,1,24,38,27,31,22,28,1,1,24,46,23,50,17,25,0,0,37,33,12,45,39,26,1,0,6,16,28,17,5,69,1,0,33,16,18,24,8,17,1,1,6,37,0,55,10,59,1,0,16,24,26,48,20,14,1,0,7,3,10,0.2,0.10875,0.1575,0.24875,0.17875,0.203125,0.1828125,0.047324924062274
"ID_SR20954QYI",5,30,20,30,10,5,1,0,20,40,20,50,5,15,0,0,20,5,2,50,15,20,1,0,30,40,40,50,10,10,1,0,3,50,2,40,1,55,1,1,40,50,40,40,10,20,0,1,3,30,1,50,2,25,0,0,50,20,10,60,50,0,0,0,4,2,6,-0.06125,-0.0025,0.08375,0.025,0.01125,0.054375,0.0184375,0.0498807170908759
"ID_QMZB59EWT1",30,30,30,60,1,10,0,0,20,50,50,40,10,40,1,1,20,30,10,35,30,30,1,0,30,30,40,50,45,20,1,0,5,60,5,35,0,50,0,1,30,60,60,30,1,20,1,1,5,30,10,20,5,50,1,1,60,20,20,60,20,0,0,0,5,4,9,0.1125,0.115,0.17125,0.16875,0.141875,0.17,0.1465625,0.0276748701442301
"ID_HLVWCDULXM",45,40,37,65,25,40,0,0,15,55,12,60,10,40,0,0,15,45,13,45,13,40,0,0,40,30,30,75,30,30,0,0,5,40,4,30,18,60,1,1,30,40,25,75,25,40,0,0,5,40,3,35,7,35,1,1,40,15,15,40,30,0,0,0,2,2,4,0.06875,0.0475,0.1275,0.14875,0.098125,0.138125,0.104791666666667,0.0404595991906329
"ID_DII9SD82PC",40,30,40,30,25,10,1,1,20,25,30,35,30,30,1,0,20,40,15,3,25,35,1,1,30,10,10,10,25,3,0,1,5,60,5,5,0,40,0,1,10,60,5,65,15,45,1,0,5,30,3,3,3,60,1,1,60,20,15,35,35,2,0,1,5,6,11,0.28625,0.30875,0.11375,0.09125,0.2,0.1025,0.18375,0.096387888243285
"ID_AHSRBV9DNK",30,40,30,30,10,20,0,1,15,30,10,30,10,10,0,0,15,30,20,50,10,30,1,0,40,20,10,30,20,10,0,1,20,10,30,20,10,20,1,0,20,10,20,20,10,20,1,0,20,40,10,60,10,30,0,0,10,15,10,20,10,20,1,0,4,2,6,0.0875,0.03125,0.075,0.13125,0.08125,0.103125,0.0848958333333333,0.0330964893027443
"ID_FHUXCN0MSC",40,45,35,45,20,25,0,0,30,50,40,65,5,20,1,0,30,40,15,65,40,35,1,0,45,20,15,65,45,35,1,0,3,35,3,5,1,35,0,1,20,35,35,45,35,35,1,0,3,45,1,35,5,45,1,1,35,30,40,40,45,0,1,0,6,2,8,0.08875,0.16375,0.2175,0.1425,0.153125,0.18,0.157604166666667,0.0426988302435402
"ID_XBKGRGH4UH",20,40,20,15,10,80,1,1,80,78,47,79,98,70,1,1,80,20,30,46,80,6,1,1,40,59,40,30,32,48,0,1,5,30,5,12,3,60,1,1,59,30,68,60,36,45,1,0,5,40,4,4,8,60,1,1,30,80,79,80,37,79,1,0,7,6,13,0.55125,0.44375,0.3475,0.455,0.449375,0.40125,0.441354166666667,0.0674541703986245
"ID_T4E06A279T",58,50,49,50,28,45,0,1,50,50,34,50,30,50,0,0,50,58,18,56,43,45,0,1,50,40,47,37,50,53,1,1,10,60,7,45,5,56,0,1,40,60,45,60,34,59,1,0,10,50,4,60,5,50,0,0,60,50,50,58,53,35,0,1,2,5,7,0.38125,0.3125,0.2175,0.28625,0.299375,0.251875,0.291458333333333,0.05591381016052
"ID_1L8DZMCO7D",75,75,50,80,30,30,0,0,45,40,35,70,20,20,0,0,45,75,30,85,60,45,1,0,75,30,20,85,50,40,1,0,7,70,5,80,4,40,0,0,30,70,25,75,10,40,0,0,7,75,3,7,7,60,0,1,70,45,60,80,30,20,1,0,3,1,4,0.10875,0.16125,0.10625,0.05375,0.1075,0.08,0.102916666666667,0.035809100333109
"ID_EY5MYDEAMH",65,70,60,60,30,15,0,1,45,35,10,40,25,80,1,1,45,65,20,75,40,65,0,0,70,40,35,80,30,65,1,0,8,50,5,35,10,30,1,1,40,50,40,70,25,15,0,0,8,70,3,70,5,45,0,0,50,45,30,50,25,15,0,0,3,3,6,0.22625,0.16875,0.0775,0.135,0.151875,0.10625,0.144270833333333,0.0517059242656648
"ID_7CABS2E7LR",30,33,40,20,30,20,1,1,30,40,30,35,25,30,0,1,30,30,20,30,25,33,1,0,33,33,35,20,20,40,1,1,5,50,4,20,4,75,1,1,33,50,15,20,15,50,0,1,5,33,3,55,5,40,1,0,50,30,30,30,30,10,0,1,5,6,11,0.355,0.27875,0.14375,0.22,0.249375,0.181875,0.238125,0.0746135879046169
"ID_4TTEJTO2BA",40,80,20,60,10,10,0,1,7,30,15,45,5,30,1,0,7,40,7,60,25,30,1,0,80,25,10,65,30,13,0,1,4,40,5,15,4,20,1,1,25,40,9,30,5,4,0,1,4,80,2,43,10,38,1,1,40,7,30,80,8,0,1,0,5,5,10,-0.0575,0.05125,-0.015,-0.12375,-0.03625,-0.069375,-0.0417708333333333,0.0585320647522934
"ID_GDY335JWI6",30,40,40,40,2,5,1,0,30,20,40,60,30,15,1,0,30,30,5,80,70,30,1,0,40,15,20,50,30,10,1,0,5,50,2,20,5,40,0,1,15,50,15,30,10,30,0,1,5,40,2,35,5,30,0,1,50,30,40,70,30,2,1,0,5,3,8,-0.0225,0.09,0.17625,0.06375,0.076875,0.12,0.0840625,0.0657953147078118
"ID_2EY4N9T4MC",35,100,20,30,20,30,0,1,100,30,15,40,30,40,1,1,100,35,15,100,20,100,1,0,100,33,10,30,50,20,0,1,10,50,3,60,5,45,0,0,33,50,33,40,30,100,1,1,10,100,10,60,4,60,0,1,50,100,20,40,40,10,0,1,3,6,9,0.55375,0.37125,-0.14125,0.04125,0.20625,-0.05,0.163541666666667,0.264832985892367
"ID_4EL3IBIV0W",30,30,16,35,8,15,0,0,15,70,15,80,20,50,1,0,15,30,3,55,15,30,0,0,30,35,10,25,8,15,0,1,5,75,5,70,1,75,0,1,35,75,70,75,5,50,1,0,5,30,2,25,4,20,0,1,75,15,20,65,65,1,1,1,3,4,7,0.045,0.07,0.07125,0.04625,0.058125,0.05875,0.0582291666666667,0.0111972141252486
"ID_E97Z6SQM9G",30,40,20,40,5,15,0,0,50,60,50,70,10,50,0,0,50,30,10,10,60,40,1,1,40,10,10,35,10,10,0,1,1,60,1,50,5,50,1,1,10,60,40,60,10,40,1,0,1,40,5,30,5,40,1,1,60,50,70,70,40,5,1,0,5,4,9,0.15875,0.1625,0.13625,0.1325,0.1475,0.134375,0.1453125,0.0130129142585356
"ID_88SKPI1XJO",15,15,15,20,3,2,0,0,10,20,5,30,5,20,0,0,10,15,5,10,10,5,0,1,15,5,5,3,15,3,0,1,2,10,2,10,1,5,0,0,5,10,3,20,8,10,1,0,2,15,1,20,2,10,0,0,10,10,10,3,10,1,0,1,1,3,4,0.01125,0.0475,0.03875,0.0025,0.025,0.020625,0.0242708333333333,0.0167724507501637
"ID_8A2NVF1CV8",42,51,29,42,31,11,0,1,34,48,19,42,26,26,0,1,34,42,21,60,23,29,0,0,51,9,9,51,31,9,0,0,10,29,19,41,9,28,1,0,9,29,24,31,9,13,1,0,10,51,20,45,11,19,1,1,29,34,19,29,19,0,0,1,3,4,7,0.01625,0.13875,0.125,0.0025,0.070625,0.06375,0.0694791666666667,0.0551990951390208
"ID_BCO1E1NQAZ",40,60,40,45,5,15,0,1,15,40,20,20,5,40,1,1,15,40,8,50,20,40,1,0,60,35,25,55,30,25,0,1,4,40,5,18,0,40,1,1,35,40,25,30,30,20,0,1,4,60,2,30,5,40,1,1,40,15,15,40,30,0,0,0,4,6,10,0.18125,0.20875,0.065,0.0375,0.123125,0.05125,0.111145833333333,0.0717291091828601
"ID_I9QISTMMQU",50,35,20,30,10,14,0,1,30,40,40,64,7,18,1,0,30,50,10,90,20,35,0,0,35,58,15,74,19,40,0,0,5,40,10,27,5,50,1,1,58,40,60,74,20,8,1,0,5,35,1,38,5,28,0,0,40,30,35,70,20,2,1,0,4,2,6,-0.02375,-0.04125,0.055,0.0725,0.015625,0.06375,0.0236458333333333,0.0479589939861823
"ID_OWYA1IN4PU",25,25,30,30,10,20,1,0,20,15,30,35,15,15,1,0,20,25,20,50,15,30,1,0,25,25,15,50,20,25,0,0,5,25,5,25,1,20,0,0,25,25,20,15,15,10,0,1,5,25,10,35,5,30,1,0,25,20,25,20,15,0,1,1,5,2,7,0.05,0.02625,0.12625,0.15,0.088125,0.138125,0.0964583333333333,0.0502939277315529
"ID_ZO22EVAVMV",28,30,3,35,0,4,0,0,17,16,9,16,8,4,0,1,17,28,0,36,10,28,0,0,30,20,5,36,38,7,1,0,4,20,4,33,1,29,1,0,20,20,10,20,5,24,1,0,4,30,6,37,4,68,1,0,20,17,15,20,14,0,0,0,4,1,5,0.08875,0.035,-0.01,0.04375,0.039375,0.016875,0.035625,0.03266783586343
"ID_W289I88TVV",35,40,20,25,8,15,0,1,20,35,12,50,5,20,0,0,20,35,5,55,12,26,0,0,40,40,5,60,25,10,0,0,8,35,5,10,5,35,0,1,40,35,16,60,70,25,1,0,8,40,5,50,13,30,1,0,35,20,15,24,23,0,0,1,2,3,5,0.04125,0.13375,0.0475,-0.045,0.044375,0.00125,0.0371875,0.0592370107069896
"ID_GIOUY7YO6T",15,15,15,25,30,30,1,0,40,40,40,45,40,40,0,0,40,15,30,50,50,50,1,0,15,30,25,40,30,40,1,0,30,50,35,30,30,40,1,1,30,50,40,40,30,30,1,1,30,15,45,30,25,15,1,0,50,40,40,50,30,40,0,0,6,2,8,0.28125,0.2625,0.35625,0.375,0.31875,0.365625,0.3265625,0.0468437395763831
