"id","splength","RSPAN_span","RSPAN_answer","RSPAN_partial_credit","RSPAN_all_or_nothing","RSPAN_processing"
"ID_5NKLXPNKO4",7,"7BC4F3G","CF34B9",1,0,0.592592592592593
"ID_5NKLXPNKO4",4,"3D5B","4DB",1,0,0.592592592592593
"ID_5NKLXPNKO4",2,"F1","F1",2,1,0.592592592592593
"ID_5NKLXPNKO4",5,"E3G19","E2G1",3,0,0.592592592592593
"ID_5NKLXPNKO4",3,"539","649",1,0,0.592592592592593
"ID_5NKLXPNKO4",6,"G7FAC8","G7FAC8",6,1,0.592592592592593
"ID_VCD9AVU0KK",5,"5812D","FG2AD",1,0,0.925925925925926
"ID_VCD9AVU0KK",7,"982AC6G","89B5EG",0,0,0.925925925925926
"ID_VCD9AVU0KK",3,"DCB","6CB",2,0,0.925925925925926
"ID_VCD9AVU0KK",4,"12EF","2A6F",1,0,0.925925925925926
"ID_VCD9AVU0KK",6,"46AB5G","DB3A8G",1,0,0.925925925925926
"ID_VCD9AVU0KK",2,"12","G2",1,0,0.925925925925926
"ID_8JF6W68KMZ",7,"2E97A6B","2E9F3",3,0,1
"ID_8JF6W68KMZ",4,"5C3E","5C3E",4,1,1
"ID_8JF6W68KMZ",5,"FEC84","EC84",0,0,1
"ID_8JF6W68KMZ",3,"7DA","7DA",3,1,1
"ID_8JF6W68KMZ",6,"C154A3","C164B",3,0,1
"ID_8JF6W68KMZ",2,"EA","EA",2,1,1
"ID_IHVF03J3AF",3,"6ED","6ED",3,1,1
"ID_IHVF03J3AF",2,"FE","FE",2,1,1
"ID_IHVF03J3AF",5,"GF37C","G7BC",1,0,1
"ID_IHVF03J3AF",6,"9E43F6","9C6BF",2,0,1
"ID_IHVF03J3AF",4,"B78A","B78A",4,1,1
"ID_IHVF03J3AF",7,"E637D5B","A674B",1,0,1
"ID_OWYA1IN4PU",6,"72GC36","7G1B4",1,0,1
"ID_OWYA1IN4PU",3,"C53","C53",3,1,1
"ID_OWYA1IN4PU",2,"21","21",2,1,1
"ID_OWYA1IN4PU",4,"D769","D6E9",2,0,1
"ID_OWYA1IN4PU",5,"DF8CE","DFG4E",3,0,1
"ID_OWYA1IN4PU",7,"FED3GA2","FED31",4,0,1
"ID_V5WXL1HWMR",6,"B5DAEG","BD5AEGC",4,0,0.888888888888889
"ID_V5WXL1HWMR",7,"AGBFD58","BDG37",0,0,0.888888888888889
"ID_V5WXL1HWMR",4,"9781","9781",4,1,0.888888888888889
"ID_V5WXL1HWMR",5,"85A61","G5A64",3,0,0.888888888888889
"ID_V5WXL1HWMR",3,"AC2","AC2",3,1,0.888888888888889
"ID_V5WXL1HWMR",2,"8B","8B",2,1,0.888888888888889
"ID_F9UT85PCQ5",7,"69AB4E1","69AB4D8",5,0,0.925925925925926
"ID_F9UT85PCQ5",3,"BEA","BEA",3,1,0.925925925925926
"ID_F9UT85PCQ5",5,"29EA3","69EA3",4,0,0.925925925925926
"ID_F9UT85PCQ5",2,"25","25",2,1,0.925925925925926
"ID_F9UT85PCQ5",4,"B5E7","B5E7",4,1,0.925925925925926
"ID_F9UT85PCQ5",6,"5AB6C2","5AB6F4",4,0,0.925925925925926
"ID_1SP93E5QZE",3,"897","016",0,0,0.888888888888889
"ID_1SP93E5QZE",6,"58CGED","6100D",0,0,0.888888888888889
"ID_1SP93E5QZE",4,"E9D6","E9C6",3,0,0.888888888888889
"ID_1SP93E5QZE",2,"B6","B6",2,1,0.888888888888889
"ID_1SP93E5QZE",5,"5B42D","5B0D",2,0,0.888888888888889
"ID_1SP93E5QZE",7,"8B4DE21","6G031",0,0,0.888888888888889
"ID_9TNN6A8SXK",7,"9F47BA2","B8A461",0,0,0.962962962962963
"ID_9TNN6A8SXK",6,"7F52E8","F74CB8E",1,0,0.962962962962963
"ID_9TNN6A8SXK",2,"18","28",1,0,0.962962962962963
"ID_9TNN6A8SXK",5,"86B3A","7FB3A6",3,0,0.962962962962963
"ID_9TNN6A8SXK",4,"1E42","E7421",2,0,0.962962962962963
"ID_9TNN6A8SXK",3,"415","316",1,0,0.962962962962963
"ID_HY8U5PGYS8",6,"5EB9FD","7EB1D",2,0,0.962962962962963
"ID_HY8U5PGYS8",2,"D4","D4",2,1,0.962962962962963
"ID_HY8U5PGYS8",7,"AEDF16C","AED1C",3,0,0.962962962962963
"ID_HY8U5PGYS8",4,"FDC7","FDB1",2,0,0.962962962962963
"ID_HY8U5PGYS8",3,"3C6","5C36",1,0,0.962962962962963
"ID_HY8U5PGYS8",5,"32978","32178",4,0,0.962962962962963
"ID_JNWWV2K4BD",5,"FG13E","FG137",4,0,1
"ID_JNWWV2K4BD",3,"7C8","7C8",3,1,1
"ID_JNWWV2K4BD",6,"849FE5","8490D",3,0,1
"ID_JNWWV2K4BD",2,"EB","EB",2,1,1
"ID_JNWWV2K4BD",4,"GABC","GABC",4,1,1
"ID_JNWWV2K4BD",7,"8DF749G","7CFD0G",1,0,1
"ID_KJUUGEII0L",5,"4A325","4A25",2,0,0.814814814814815
"ID_KJUUGEII0L",7,"6C59218","6C13E",2,0,0.814814814814815
"ID_KJUUGEII0L",6,"2486G3","2486F3",5,0,0.814814814814815
"ID_KJUUGEII0L",2,"35","35",2,1,0.814814814814815
"ID_KJUUGEII0L",4,"2A68","2A67",3,0,0.814814814814815
"ID_KJUUGEII0L",3,"FC8","FC8",3,1,0.814814814814815
"ID_FISEQIYML8",3,"FA4","FA4",3,1,0.888888888888889
"ID_FISEQIYML8",2,"E3","E3",2,1,0.888888888888889
"ID_FISEQIYML8",7,"GADBC41","GBDC01",2,0,0.888888888888889
"ID_FISEQIYML8",5,"5F427","D0BC10",0,0,0.888888888888889
"ID_FISEQIYML8",4,"1BGC","1B0C",3,0,0.888888888888889
"ID_FISEQIYML8",6,"BDE185","BDE0000",3,0,0.888888888888889
"ID_HMIIVNUQKC",5,"862A7","862A7",5,1,0.962962962962963
"ID_HMIIVNUQKC",6,"817G9B","817G9B",6,1,0.962962962962963
"ID_HMIIVNUQKC",2,"CE","CE",2,1,0.962962962962963
"ID_HMIIVNUQKC",3,"DA9","DA9",3,1,0.962962962962963
"ID_HMIIVNUQKC",7,"DAC7412","DAC7412",7,1,0.962962962962963
"ID_HMIIVNUQKC",4,"G23B","G23B",4,1,0.962962962962963
"ID_D88MGY411T",5,"AFD1G","AF00000",2,0,0.814814814814815
"ID_D88MGY411T",4,"D375","6B00000",0,0,0.814814814814815
"ID_D88MGY411T",3,"E2F","E2F",3,1,0.814814814814815
"ID_D88MGY411T",7,"4EC21B9","FG0000000",0,0,0.814814814814815
"ID_D88MGY411T",6,"F9BC75","70000000",0,0,0.814814814814815
"ID_D88MGY411T",2,"81","67",0,0,0.814814814814815
"ID_8FJT1TWFYF",2,"EA","EA",2,1,0.962962962962963
"ID_8FJT1TWFYF",5,"8EC35","8C0000000000",1,0,0.962962962962963
"ID_8FJT1TWFYF",6,"A6FE92","A672E",2,0,0.962962962962963
"ID_8FJT1TWFYF",3,"AEC","AEC",3,1,0.962962962962963
"ID_8FJT1TWFYF",4,"G651","G651",4,1,0.962962962962963
"ID_8FJT1TWFYF",7,"8DB613E","835E90",1,0,0.962962962962963
"ID_URY75YEEYJ",3,"DE8","DE8",3,1,1
"ID_URY75YEEYJ",5,"D1EC2","D1EC3",4,0,1
"ID_URY75YEEYJ",2,"14","14",2,1,1
"ID_URY75YEEYJ",4,"73BC","73BC",4,1,1
"ID_URY75YEEYJ",7,"146G352","1EC458",1,0,1
"ID_URY75YEEYJ",6,"AG25BD","GA24DB",1,0,1
"ID_PY9E040B5W",4,"83F2","83F2",4,1,0.962962962962963
"ID_PY9E040B5W",3,"342","342",3,1,0.962962962962963
"ID_PY9E040B5W",7,"18G32A4","183G0A",3,0,0.962962962962963
"ID_PY9E040B5W",6,"9A31E8","93A8F",1,0,0.962962962962963
"ID_PY9E040B5W",2,"54","54",2,1,0.962962962962963
"ID_PY9E040B5W",5,"GA8D4","GA8D4",5,1,0.962962962962963
"ID_SR20954QYI",2,"F4","F4",2,1,0.962962962962963
"ID_SR20954QYI",3,"8AB","8GB",2,0,0.962962962962963
"ID_SR20954QYI",7,"63DE21C","73BCF",1,0,0.962962962962963
"ID_SR20954QYI",6,"23A1G6","3BG6D",0,0,0.962962962962963
"ID_SR20954QYI",4,"2C95","249D",2,0,0.962962962962963
"ID_SR20954QYI",5,"7DC9B","7E4B",1,0,0.962962962962963
"ID_IQTE04H92U",4,"4169","00EG",0,0,0.851851851851852
"ID_IQTE04H92U",7,"D2EF9C5","EDGCF6",0,0,0.851851851851852
"ID_IQTE04H92U",2,"A1","A1",2,1,0.851851851851852
"ID_IQTE04H92U",6,"F37B15","FB739D",2,0,0.851851851851852
"ID_IQTE04H92U",3,"924","F24",2,0,0.851851851851852
"ID_IQTE04H92U",5,"46C8E","46C8E",5,1,0.851851851851852
"ID_EY5MYDEAMH",2,"9D","9D",2,1,0.814814814814815
"ID_EY5MYDEAMH",3,"546","546",3,1,0.814814814814815
"ID_EY5MYDEAMH",6,"96B45C","D1BEC",1,0,0.814814814814815
"ID_EY5MYDEAMH",5,"CEF74","CFD74",3,0,0.814814814814815
"ID_EY5MYDEAMH",7,"E359C6G","DEBG",0,0,0.814814814814815
"ID_EY5MYDEAMH",4,"64A5","CDE2",0,0,0.814814814814815
"ID_F6XV6JSHLK",5,"643A8","F738",1,0,0.962962962962963
"ID_F6XV6JSHLK",3,"D37","CD7",1,0,0.962962962962963
"ID_F6XV6JSHLK",6,"581EFD","G75CB",0,0,0.962962962962963
"ID_F6XV6JSHLK",4,"5D3C","F3C",0,0,0.962962962962963
"ID_F6XV6JSHLK",2,"4B","4B",2,1,0.962962962962963
"ID_F6XV6JSHLK",7,"G681B5F","81ABF",0,0,0.962962962962963
"ID_6QMYRYJ2ID",2,"E2","E2",2,1,0.962962962962963
"ID_6QMYRYJ2ID",3,"436","326",1,0,0.962962962962963
"ID_6QMYRYJ2ID",6,"G8AFBC","8GBFC",1,0,0.962962962962963
"ID_6QMYRYJ2ID",7,"354FD81","3457",1,0,0.962962962962963
"ID_6QMYRYJ2ID",5,"2DC64","3A26",1,0,0.962962962962963
"ID_6QMYRYJ2ID",4,"69D8","619",1,0,0.962962962962963
"ID_UUOXNG0Z3O",2,"AC","AC",2,1,0.851851851851852
"ID_UUOXNG0Z3O",7,"GFDEAC3","9GDAC",1,0,0.851851851851852
"ID_UUOXNG0Z3O",4,"4GE5","4GE5",4,1,0.851851851851852
"ID_UUOXNG0Z3O",5,"2AC97","2AC9",4,0,0.851851851851852
"ID_UUOXNG0Z3O",6,"C3261F","C3000",2,0,0.851851851851852
"ID_UUOXNG0Z3O",3,"A2C","A2C",3,1,0.851851851851852
"ID_8A2NVF1CV8",3,"916","196",1,0,0.740740740740741
"ID_8A2NVF1CV8",4,"736B","658B",1,0,0.740740740740741
"ID_8A2NVF1CV8",6,"A172FG","671BE",0,0,0.740740740740741
"ID_8A2NVF1CV8",5,"17394","2389",1,0,0.740740740740741
"ID_8A2NVF1CV8",7,"46GB3F9","46B9G",2,0,0.740740740740741
"ID_8A2NVF1CV8",2,"5E","5E",2,1,0.740740740740741
"ID_JYAJ164HBG",2,"ED","ED",2,1,0.888888888888889
"ID_JYAJ164HBG",4,"D6F1","D709",1,0,0.888888888888889
"ID_JYAJ164HBG",7,"D6G2873","DFG844",2,0,0.888888888888889
"ID_JYAJ164HBG",6,"F753CG","DF7CG1",0,0,0.888888888888889
"ID_JYAJ164HBG",5,"81AGE","81AGE",5,1,0.888888888888889
"ID_JYAJ164HBG",3,"89E","819E",1,0,0.888888888888889
"ID_BKU9G7QW1I",7,"D68F9AE","DF61A4",1,0,1
"ID_BKU9G7QW1I",2,"BA","BA",2,1,1
"ID_BKU9G7QW1I",4,"E45D","E45D",4,1,1
"ID_BKU9G7QW1I",5,"87ADC","87EAB",2,0,1
"ID_BKU9G7QW1I",6,"G2E634","G6A6B",2,0,1
"ID_BKU9G7QW1I",3,"7B6","7B6",3,1,1
"ID_3EEDKBJ7BL",3,"F59","F59",3,1,0.925925925925926
"ID_3EEDKBJ7BL",2,"F3","F3",2,1,0.925925925925926
"ID_3EEDKBJ7BL",4,"9BGA","9BGA",4,1,0.925925925925926
"ID_3EEDKBJ7BL",7,"4BE3G1A","3CE",1,0,0.925925925925926
"ID_3EEDKBJ7BL",5,"81FE6","81FE6",5,1,0.925925925925926
"ID_3EEDKBJ7BL",6,"B8DGA5","B8CG5E",3,0,0.925925925925926
"ID_DW5PTDIP4J",7,"CAG17B4","CAG17B5",6,0,0.925925925925926
"ID_DW5PTDIP4J",4,"4C8G","4C8G",4,1,0.925925925925926
"ID_DW5PTDIP4J",5,"E4AC6","E4A16",4,0,0.925925925925926
"ID_DW5PTDIP4J",2,"23","3",0,0,0.925925925925926
"ID_DW5PTDIP4J",3,"26G","7G0",0,0,0.925925925925926
"ID_DW5PTDIP4J",6,"3FADE9","5E749",0,0,0.925925925925926
"ID_KL4TVICVCT",7,"978BGA1","0",0,0,1
"ID_KL4TVICVCT",4,"1C39","1C39",4,1,1
"ID_KL4TVICVCT",5,"1FD92","1FD92",5,1,1
"ID_KL4TVICVCT",3,"FCG","FCG",3,1,1
"ID_KL4TVICVCT",6,"FB3126","FB3126",6,1,1
"ID_KL4TVICVCT",2,"2B","2B",2,1,1
"ID_WF0FWF3RZ1",6,"68AG97","6G21F",1,0,1
"ID_WF0FWF3RZ1",4,"D3B2","D42",1,0,1
"ID_WF0FWF3RZ1",7,"4723EA8","5217",0,0,1
"ID_WF0FWF3RZ1",3,"G53","G7C",1,0,1
"ID_WF0FWF3RZ1",5,"83AD5","G74B",0,0,1
"ID_WF0FWF3RZ1",2,"B6","B36",1,0,1
"ID_F7UAQMZBHY",6,"6B5231","6BA51",2,0,0.851851851851852
"ID_F7UAQMZBHY",2,"G2","G2",2,1,0.851851851851852
"ID_F7UAQMZBHY",5,"E1529","E1259",3,0,0.851851851851852
"ID_F7UAQMZBHY",4,"D85E","D84E",3,0,0.851851851851852
"ID_F7UAQMZBHY",3,"BF9","BF9",3,1,0.851851851851852
"ID_F7UAQMZBHY",7,"GEBA7C1","9BF28E",0,0,0.851851851851852
"ID_9ZHG99I0OF",7,"79E21G6","71DG",1,0,0.925925925925926
"ID_9ZHG99I0OF",2,"B2","B2",2,1,0.925925925925926
"ID_9ZHG99I0OF",4,"ED75","ED75",4,1,0.925925925925926
"ID_9ZHG99I0OF",6,"359B14","00000",0,0,0.925925925925926
"ID_9ZHG99I0OF",5,"EG327","GEB27",2,0,0.925925925925926
"ID_9ZHG99I0OF",3,"E18","E18",3,1,0.925925925925926
"ID_C84W8ZY8QZ",5,"723AE","73CEA",1,0,0.777777777777778
"ID_C84W8ZY8QZ",3,"864","864",3,1,0.777777777777778
"ID_C84W8ZY8QZ",7,"2D5G16E","2E89D",1,0,0.777777777777778
"ID_C84W8ZY8QZ",4,"197F","1D97",1,0,0.777777777777778
"ID_C84W8ZY8QZ",2,"81","71",1,0,0.777777777777778
"ID_C84W8ZY8QZ",6,"9G31B6","71B45",0,0,0.777777777777778
"ID_ED4RPW1T2N",2,"AC","AC",2,1,0.814814814814815
"ID_ED4RPW1T2N",5,"9C614","9C58G",2,0,0.814814814814815
"ID_ED4RPW1T2N",7,"CE4DG28","CE582",2,0,0.814814814814815
"ID_ED4RPW1T2N",3,"9GB","9GB",3,1,0.814814814814815
"ID_ED4RPW1T2N",6,"1AFD9E","936D",1,0,0.814814814814815
"ID_ED4RPW1T2N",4,"4289","4689",3,0,0.814814814814815
"ID_DII9SD82PC",3,"D96","D9E",2,0,1
"ID_DII9SD82PC",7,"54B7FDC","54B7F0D",5,0,1
"ID_DII9SD82PC",2,"25","25",2,1,1
"ID_DII9SD82PC",4,"34F2","34F2",4,1,1
"ID_DII9SD82PC",5,"7F1E8","7F1E0",4,0,1
"ID_DII9SD82PC",6,"A8749G","AF6049",1,0,1
"ID_TFESR7UTZ5",3,"DFB","DFB",3,1,0.925925925925926
"ID_TFESR7UTZ5",5,"4EG5C","4EG8C",4,0,0.925925925925926
"ID_TFESR7UTZ5",7,"1CE6A3B","19C4B",1,0,0.925925925925926
"ID_TFESR7UTZ5",4,"6538","357",1,0,0.925925925925926
"ID_TFESR7UTZ5",2,"84","46",0,0,0.925925925925926
"ID_TFESR7UTZ5",6,"95FDCB","47GCB",0,0,0.925925925925926
"ID_G80GTXPS9B",7,"B96C5AE","B15DE",1,0,0.925925925925926
"ID_G80GTXPS9B",6,"A65D21","A65D29",5,0,0.925925925925926
"ID_G80GTXPS9B",2,"8E","1E",1,0,0.925925925925926
"ID_G80GTXPS9B",5,"4D968","4D89",2,0,0.925925925925926
"ID_G80GTXPS9B",4,"16ED","21ED",2,0,0.925925925925926
"ID_G80GTXPS9B",3,"6EF","6EF",3,1,0.925925925925926
"ID_PUFXZHUG86",2,"2G","2G",2,1,0.888888888888889
"ID_PUFXZHUG86",6,"5AE98B","51FBE",1,0,0.888888888888889
"ID_PUFXZHUG86",7,"85A2C47","AFD6",0,0,0.888888888888889
"ID_PUFXZHUG86",3,"A7E","A7E",3,1,0.888888888888889
"ID_PUFXZHUG86",5,"DAECB","EDB",0,0,0.888888888888889
"ID_PUFXZHUG86",4,"2B7F","A4DF",1,0,0.888888888888889
"ID_AMZ7BSQ7K4",7,"1342D98","1435CBG",1,0,0.851851851851852
"ID_AMZ7BSQ7K4",5,"FD29E","FD29E",5,1,0.851851851851852
"ID_AMZ7BSQ7K4",3,"184","184",3,1,0.851851851851852
"ID_AMZ7BSQ7K4",2,"C2","C2",2,1,0.851851851851852
"ID_AMZ7BSQ7K4",4,"4G9B","C89B",2,0,0.851851851851852
"ID_AMZ7BSQ7K4",6,"C24F19","C24FB9",5,0,0.851851851851852
"ID_2SZ0AAIF9Y",4,"1F35","1F3D",3,0,0.740740740740741
"ID_2SZ0AAIF9Y",3,"CD2","CD2",3,1,0.740740740740741
"ID_2SZ0AAIF9Y",7,"D67F3CG","D7BCG",1,0,0.740740740740741
"ID_2SZ0AAIF9Y",5,"E76AC","E7AC",2,0,0.740740740740741
"ID_2SZ0AAIF9Y",2,"DG","DG",2,1,0.740740740740741
"ID_2SZ0AAIF9Y",6,"BC123E","BG31C",1,0,0.740740740740741
"ID_ROCS9OMKHE",5,"DB2A5","D4A5",1,0,0.888888888888889
"ID_ROCS9OMKHE",7,"CE6FAGB","DC5AF",0,0,0.888888888888889
"ID_ROCS9OMKHE",4,"E758","758",0,0,0.888888888888889
"ID_ROCS9OMKHE",2,"1B","93",0,0,0.888888888888889
"ID_ROCS9OMKHE",6,"F327D8","F387",3,0,0.888888888888889
"ID_ROCS9OMKHE",3,"F4A","F4A",3,1,0.888888888888889
"ID_4QJHCFYM6L",5,"G48DF","84FD",2,0,0.925925925925926
"ID_4QJHCFYM6L",3,"29F","29F",3,1,0.925925925925926
"ID_4QJHCFYM6L",2,"6D","6D",2,1,0.925925925925926
"ID_4QJHCFYM6L",6,"78B2C3","78B2C",5,0,0.925925925925926
"ID_4QJHCFYM6L",4,"26A8","36A8",3,0,0.925925925925926
"ID_4QJHCFYM6L",7,"BF2GA1C","BF2GA9C",6,0,0.925925925925926
"ID_65HG0IT72K",2,"D4","D4",2,1,1
"ID_65HG0IT72K",5,"69GA5","69GA5",5,1,1
"ID_65HG0IT72K",6,"8A12BG","8A12BG",6,1,1
"ID_65HG0IT72K",3,"GD6","GD6",3,1,1
"ID_65HG0IT72K",4,"652G","652G",4,1,1
"ID_65HG0IT72K",7,"51D89EG","51D89EG",7,1,1
"ID_I9QISTMMQU",3,"5A9","5A9",3,1,0.962962962962963
"ID_I9QISTMMQU",7,"5G29EFA","D19AE7F2",1,0,0.962962962962963
"ID_I9QISTMMQU",5,"C8GB1","C8GB1",5,1,0.962962962962963
"ID_I9QISTMMQU",6,"8FB4A2","8FBA2",3,0,0.962962962962963
"ID_I9QISTMMQU",4,"F7G4","F7G4",4,1,0.962962962962963
"ID_I9QISTMMQU",2,"2B","2B",2,1,0.962962962962963
"ID_UM8BDBXZYU",5,"4FB97","4FB97",5,1,0.888888888888889
"ID_UM8BDBXZYU",7,"2G8571E","4FB97",1,0,0.888888888888889
"ID_UM8BDBXZYU",2,"5G","5G",2,1,0.888888888888889
"ID_UM8BDBXZYU",3,"A8F","A5G",1,0,0.888888888888889
"ID_UM8BDBXZYU",4,"2837","2837",4,1,0.888888888888889
"ID_UM8BDBXZYU",6,"FB4E7D","FB4E7D",6,1,0.888888888888889
"ID_UTIZ5PGMZW",5,"3F16G","3F15G",4,0,0.925925925925926
"ID_UTIZ5PGMZW",7,"217EFC6","279DE4",1,0,0.925925925925926
"ID_UTIZ5PGMZW",6,"94CF58","94F2G",2,0,0.925925925925926
"ID_UTIZ5PGMZW",4,"C624","C263",1,0,0.925925925925926
"ID_UTIZ5PGMZW",3,"682","682",3,1,0.925925925925926
"ID_UTIZ5PGMZW",2,"7F","7F",2,1,0.925925925925926
"ID_VRB9WWP46Z",4,"7FAE","8FAE",3,0,0.851851851851852
"ID_VRB9WWP46Z",3,"657","657",3,1,0.851851851851852
"ID_VRB9WWP46Z",6,"FEGC8A","EFC8A",0,0,0.851851851851852
"ID_VRB9WWP46Z",5,"7D6A3","8D23",1,0,0.851851851851852
"ID_VRB9WWP46Z",7,"1FDC83B","1FDCB",4,0,0.851851851851852
"ID_VRB9WWP46Z",2,"E5","E5",2,1,0.851851851851852
"ID_FHUXCN0MSC",7,"25168C3","2500B",2,0,0.814814814814815
"ID_FHUXCN0MSC",5,"287A9","2G1A",2,0,0.814814814814815
"ID_FHUXCN0MSC",4,"8471","8471",4,1,0.814814814814815
"ID_FHUXCN0MSC",2,"45","45",2,1,0.814814814814815
"ID_FHUXCN0MSC",3,"DC7","5B7",1,0,0.814814814814815
"ID_FHUXCN0MSC",6,"CG2BAF","CG3AF",2,0,0.814814814814815
"ID_VI561L38ZC",7,"164327G","1537A8",1,0,0.851851851851852
"ID_VI561L38ZC",5,"56AGC","6EAC",1,0,0.851851851851852
"ID_VI561L38ZC",4,"71F3","71F3",4,1,0.851851851851852
"ID_VI561L38ZC",6,"F4G73E","000000",0,0,0.851851851851852
"ID_VI561L38ZC",2,"28","28",2,1,0.851851851851852
"ID_VI561L38ZC",3,"26G","26G",3,1,0.851851851851852
"ID_MSC5G80MXJ",5,"E754C","E754C",5,1,0.962962962962963
"ID_MSC5G80MXJ",6,"B96DG8","B96DG7",5,0,0.962962962962963
"ID_MSC5G80MXJ",2,"91","91",2,1,0.962962962962963
"ID_MSC5G80MXJ",4,"6GB7","6GB7",4,1,0.962962962962963
"ID_MSC5G80MXJ",7,"F3A7564","F7C164",1,0,0.962962962962963
"ID_MSC5G80MXJ",3,"56D","56D",3,1,0.962962962962963
"ID_NJP8HWU1ZX",4,"G3B8","G3B8",4,1,0.888888888888889
"ID_NJP8HWU1ZX",6,"5381GB","5380B",3,0,0.888888888888889
"ID_NJP8HWU1ZX",5,"GB864","83000",0,0,0.888888888888889
"ID_NJP8HWU1ZX",7,"B81EG49","B00000",1,0,0.888888888888889
"ID_NJP8HWU1ZX",2,"35","35",2,1,0.888888888888889
"ID_NJP8HWU1ZX",3,"165","165",3,1,0.888888888888889
"ID_27G3KGM0SK",3,"173","173",3,1,0.888888888888889
"ID_27G3KGM0SK",7,"7E31AGC","7EAGCC",2,0,0.888888888888889
"ID_27G3KGM0SK",6,"23CBF7","24CBF7",5,0,0.888888888888889
"ID_27G3KGM0SK",2,"63","63",2,1,0.888888888888889
"ID_27G3KGM0SK",4,"B529","2DB9",1,0,0.888888888888889
"ID_27G3KGM0SK",5,"D357C","5B7C",0,0,0.888888888888889
"ID_LISU7ZNRJB",3,"64B","74B",2,0,0.814814814814815
"ID_LISU7ZNRJB",2,"F8","F8",2,1,0.814814814814815
"ID_LISU7ZNRJB",6,"E94ACB","EFAB",1,0,0.814814814814815
"ID_LISU7ZNRJB",7,"A653G8B","F1B5",0,0,0.814814814814815
"ID_LISU7ZNRJB",5,"G5BD6","GA2D",2,0,0.814814814814815
"ID_LISU7ZNRJB",4,"3FG6","A1G",1,0,0.814814814814815
"ID_BY3FVB6E6C",7,"17E6A5G","26D48",0,0,0.777777777777778
"ID_BY3FVB6E6C",4,"BGAD","BGAD",4,1,0.777777777777778
"ID_BY3FVB6E6C",2,"24","24",2,1,0.777777777777778
"ID_BY3FVB6E6C",6,"ED754G","FD75G",3,0,0.777777777777778
"ID_BY3FVB6E6C",3,"7CG","7CG",3,1,0.777777777777778
"ID_BY3FVB6E6C",5,"953AB","948BF",1,0,0.777777777777778
"ID_XZ3X1W2OJ8",3,"8C6","C26",1,0,0.851851851851852
"ID_XZ3X1W2OJ8",2,"E6","E6",2,1,0.851851851851852
"ID_XZ3X1W2OJ8",4,"784D","618D",1,0,0.851851851851852
"ID_XZ3X1W2OJ8",5,"172C6","66666",1,0,0.851851851851852
"ID_XZ3X1W2OJ8",7,"47D162E","0000000",0,0,0.851851851851852
"ID_XZ3X1W2OJ8",6,"FB8GD1","D421",0,0,0.851851851851852
"ID_F9FT6KKUUQ",3,"594","984",1,0,0.518518518518519
"ID_F9FT6KKUUQ",7,"EA68319","A94",0,0,0.518518518518519
"ID_F9FT6KKUUQ",4,"BF27","B2F8G",1,0,0.518518518518519
"ID_F9FT6KKUUQ",2,"1C","1C",2,1,0.518518518518519
"ID_F9FT6KKUUQ",5,"89416","2BCE689",1,0,0.518518518518519
"ID_F9FT6KKUUQ",6,"759F1A","4A1BE67",0,0,0.518518518518519
"ID_L3VAL1LYYH",6,"2EA47F","2EA1CF",4,0,0.962962962962963
"ID_L3VAL1LYYH",7,"C52E79G","4DE8CF",0,0,0.962962962962963
"ID_L3VAL1LYYH",4,"CB86","CD27",1,0,0.962962962962963
"ID_L3VAL1LYYH",2,"32","32",2,1,0.962962962962963
"ID_L3VAL1LYYH",3,"4F7","43F7",1,0,0.962962962962963
"ID_L3VAL1LYYH",5,"F2C7E","8F2E",0,0,0.962962962962963
"ID_BGZTQ0GG1X",4,"657F","657F",4,1,0.888888888888889
"ID_BGZTQ0GG1X",7,"A9D4873","A18E43",1,0,0.888888888888889
"ID_BGZTQ0GG1X",6,"G8135D","127ED",0,0,0.888888888888889
"ID_BGZTQ0GG1X",3,"A24","A24",3,1,0.888888888888889
"ID_BGZTQ0GG1X",5,"A75E3","EE8F",0,0,0.888888888888889
"ID_BGZTQ0GG1X",2,"FG","7F",0,0,0.888888888888889
"ID_COSLLIZG1O",7,"8C3D27E","8C3D7",4,0,0.962962962962963
"ID_COSLLIZG1O",2,"9E","9E",2,1,0.962962962962963
"ID_COSLLIZG1O",5,"7F452","7F4D2",4,0,0.962962962962963
"ID_COSLLIZG1O",6,"CE523F","CE527",4,0,0.962962962962963
"ID_COSLLIZG1O",4,"52D3","5AB6",1,0,0.962962962962963
"ID_COSLLIZG1O",3,"G23","F23",2,0,0.962962962962963
"ID_E97Z6SQM9G",3,"ACB","ACB",3,1,0.962962962962963
"ID_E97Z6SQM9G",5,"GD1F3","GD1F3",5,1,0.962962962962963
"ID_E97Z6SQM9G",2,"59","59",2,1,0.962962962962963
"ID_E97Z6SQM9G",7,"B561E4A","B561E4A",7,1,0.962962962962963
"ID_E97Z6SQM9G",4,"C3E2","C3E2",4,1,0.962962962962963
"ID_E97Z6SQM9G",6,"915FB3","985FB3",5,0,0.962962962962963
"ID_AHSRBV9DNK",5,"7293D","0000",0,0,0.740740740740741
"ID_AHSRBV9DNK",6,"B147FG","00000",0,0,0.740740740740741
"ID_AHSRBV9DNK",2,"65","65",2,1,0.740740740740741
"ID_AHSRBV9DNK",4,"81DG","00G",0,0,0.740740740740741
"ID_AHSRBV9DNK",3,"BF6","BF6",3,1,0.740740740740741
"ID_AHSRBV9DNK",7,"24F87DB","2000B",1,0,0.740740740740741
"ID_SZLQDS7BKP",3,"D32","D32",3,1,0.888888888888889
"ID_SZLQDS7BKP",7,"E763D4C","E7GC4D",2,0,0.888888888888889
"ID_SZLQDS7BKP",6,"E243G1","E23G1",2,0,0.888888888888889
"ID_SZLQDS7BKP",5,"82794","827E4",4,0,0.888888888888889
"ID_SZLQDS7BKP",4,"8D34","8D34",4,1,0.888888888888889
"ID_SZLQDS7BKP",2,"6G","6G",2,1,0.888888888888889
"ID_JMBKE1GO4N",5,"GC635","0C64C",2,0,0.851851851851852
"ID_JMBKE1GO4N",6,"7A1GFE","7A1",3,0,0.851851851851852
"ID_JMBKE1GO4N",3,"C8D","C8D",3,1,0.851851851851852
"ID_JMBKE1GO4N",4,"B153","C154",2,0,0.851851851851852
"ID_JMBKE1GO4N",7,"6B7D2F5","3E",0,0,0.851851851851852
"ID_JMBKE1GO4N",2,"74","04",1,0,0.851851851851852
"ID_AA5E7NJPXP",3,"C7A","C7A",3,1,0.925925925925926
"ID_AA5E7NJPXP",2,"4F","4F",2,1,0.925925925925926
"ID_AA5E7NJPXP",5,"B6D73","B6D73",5,1,0.925925925925926
"ID_AA5E7NJPXP",4,"BF72","BF72",4,1,0.925925925925926
"ID_AA5E7NJPXP",6,"DEBG5C","DF93C",1,0,0.925925925925926
"ID_AA5E7NJPXP",7,"46A9GEC","57A0",1,0,0.925925925925926
"ID_XGS73O0XJA",5,"AD148","AD147",4,0,0.777777777777778
"ID_XGS73O0XJA",6,"DB2G3E","DA147",1,0,0.777777777777778
"ID_XGS73O0XJA",2,"1G","1G",2,1,0.777777777777778
"ID_XGS73O0XJA",4,"B87C","B18C",2,0,0.777777777777778
"ID_XGS73O0XJA",7,"A26C9GE","AE217",1,0,0.777777777777778
"ID_XGS73O0XJA",3,"32D","41D",1,0,0.777777777777778
"ID_MT6P7ZDV2N",6,"9GCEA4","A9C04",1,0,0.925925925925926
"ID_MT6P7ZDV2N",7,"G8D47B5","G8D4",4,0,0.925925925925926
"ID_MT6P7ZDV2N",4,"64A7","633A7",1,0,0.925925925925926
"ID_MT6P7ZDV2N",3,"G2C","G2C",3,1,0.925925925925926
"ID_MT6P7ZDV2N",2,"21","21",2,1,0.925925925925926
"ID_MT6P7ZDV2N",5,"519DA","651A",0,0,0.925925925925926
"ID_NLPC2YX45I",7,"BG9E671","BG9E7",4,0,0.703703703703704
"ID_NLPC2YX45I",4,"7619","8769",1,0,0.703703703703704
"ID_NLPC2YX45I",3,"632","632",3,1,0.703703703703704
"ID_NLPC2YX45I",6,"CE4G16","EC649",0,0,0.703703703703704
"ID_NLPC2YX45I",5,"71F53","00F3",1,0,0.703703703703704
"ID_NLPC2YX45I",2,"B5","B7",1,0,0.703703703703704
"ID_BDKH1UBT48",5,"DGEA9","D8FA",2,0,0.925925925925926
"ID_BDKH1UBT48",4,"56F8","56D87",3,0,0.925925925925926
"ID_BDKH1UBT48",6,"DCGF16","4CG79",2,0,0.925925925925926
"ID_BDKH1UBT48",7,"EG73F82","57GCA",0,0,0.925925925925926
"ID_BDKH1UBT48",2,"1A","1A",2,1,0.925925925925926
"ID_BDKH1UBT48",3,"746","7846",1,0,0.925925925925926
"ID_U01JNCD2YJ",3,"4F3","4F3",3,1,1
"ID_U01JNCD2YJ",2,"BD","BD",2,1,1
"ID_U01JNCD2YJ",7,"E9A83DB","EA984DB",4,0,1
"ID_U01JNCD2YJ",6,"6AE345","6AE345",6,1,1
"ID_U01JNCD2YJ",4,"712B","712B",4,1,1
"ID_U01JNCD2YJ",5,"E17B8","E17B8",5,1,1
"ID_ATXVP32BHN",2,"7B","7B",2,1,0.888888888888889
"ID_ATXVP32BHN",5,"42BD3","42BD3",5,1,0.888888888888889
"ID_ATXVP32BHN",7,"928136F","928136F",7,1,0.888888888888889
"ID_ATXVP32BHN",6,"2CF4EB","2CF4EB",6,1,0.888888888888889
"ID_ATXVP32BHN",3,"45C","45C",3,1,0.888888888888889
"ID_ATXVP32BHN",4,"FB81","FB81",4,1,0.888888888888889
"ID_542LNPOBAC",6,"E59CBA","E5G9CA",3,0,0.962962962962963
"ID_542LNPOBAC",3,"791","791",3,1,0.962962962962963
"ID_542LNPOBAC",4,"8AD2","8A25",2,0,0.962962962962963
"ID_542LNPOBAC",5,"2G9CE","6G9C2",3,0,0.962962962962963
"ID_542LNPOBAC",7,"6A342G7","6G937",1,0,0.962962962962963
"ID_542LNPOBAC",2,"36","36",2,1,0.962962962962963
"ID_XBKGRGH4UH",5,"7EGC1","7EGC1",5,1,0.925925925925926
"ID_XBKGRGH4UH",6,"1F2GC7","1GFAC7",3,0,0.925925925925926
"ID_XBKGRGH4UH",3,"CD7","CD7",3,1,0.925925925925926
"ID_XBKGRGH4UH",2,"59","59",2,1,0.925925925925926
"ID_XBKGRGH4UH",4,"C42B","C42B",4,1,0.925925925925926
"ID_XBKGRGH4UH",7,"E763C5F","6E75C3F",2,0,0.925925925925926
"ID_ZO22EVAVMV",5,"GA53E","GA40E",3,0,0.962962962962963
"ID_ZO22EVAVMV",4,"897D","890F",2,0,0.962962962962963
"ID_ZO22EVAVMV",3,"DF7","DF7",3,1,0.962962962962963
"ID_ZO22EVAVMV",7,"9ADCG73","G9000",0,0,0.962962962962963
"ID_ZO22EVAVMV",2,"FE","FE",2,1,0.962962962962963
"ID_ZO22EVAVMV",6,"G427A1","G4A000",2,0,0.962962962962963
"ID_WFKQ9MYYWT",3,"7E9","7E9",3,1,0.703703703703704
"ID_WFKQ9MYYWT",4,"496B","4A9D",1,0,0.703703703703704
"ID_WFKQ9MYYWT",6,"C7B5A3","C7900",2,0,0.703703703703704
"ID_WFKQ9MYYWT",7,"28D79B4","279G0",1,0,0.703703703703704
"ID_WFKQ9MYYWT",5,"3C1E7","3C7F0",2,0,0.703703703703704
"ID_WFKQ9MYYWT",2,"85","85",2,1,0.703703703703704
"ID_TOXCR3W149",7,"CFG3A5D","CFG25",3,0,0.814814814814815
"ID_TOXCR3W149",2,"G5","G5",2,1,0.814814814814815
"ID_TOXCR3W149",6,"3GAE8B","ECB2",0,0,0.814814814814815
"ID_TOXCR3W149",4,"E195","E28D",1,0,0.814814814814815
"ID_TOXCR3W149",3,"4C5","C45",1,0,0.814814814814815
"ID_TOXCR3W149",5,"1628C","8C95",0,0,0.814814814814815
"ID_7MDFWYPVZN",5,"57DG4","57DG4",5,1,1
"ID_7MDFWYPVZN",4,"B2GF","B2GF",4,1,1
"ID_7MDFWYPVZN",7,"G8F97DE","G8F09D",4,0,1
"ID_7MDFWYPVZN",3,"C78","C78",3,1,1
"ID_7MDFWYPVZN",2,"69","69",2,1,1
"ID_7MDFWYPVZN",6,"AFE4C6","A2FD4",1,0,1
"ID_7U2X715SXI",6,"G31DE6","G31E6",3,0,1
"ID_7U2X715SXI",4,"BAD4","BAD4",4,1,1
"ID_7U2X715SXI",3,"AG1","AG1",3,1,1
"ID_7U2X715SXI",5,"8B52F","B1AF",0,0,1
"ID_7U2X715SXI",2,"7B","7B",2,1,1
"ID_7U2X715SXI",7,"F3G1D5A","7B15",0,0,1
"ID_0CEGQ7PNCX",5,"68471","86471",3,0,0.888888888888889
"ID_0CEGQ7PNCX",4,"F5G1","7G1",0,0,0.888888888888889
"ID_0CEGQ7PNCX",7,"5DA23G9","5A23G9",1,0,0.888888888888889
"ID_0CEGQ7PNCX",2,"5C","5C",2,1,0.888888888888889
"ID_0CEGQ7PNCX",3,"8G7","8G7",3,1,0.888888888888889
"ID_0CEGQ7PNCX",6,"GED13C","GED51B",3,0,0.888888888888889
"ID_88SKPI1XJO",4,"9B6G","9CAFF",1,0,0.888888888888889
"ID_88SKPI1XJO",5,"A2FCD","9BGC",1,0,0.888888888888889
"ID_88SKPI1XJO",2,"A6","A6",2,1,0.888888888888889
"ID_88SKPI1XJO",7,"92356CD","6GBCE",0,0,0.888888888888889
"ID_88SKPI1XJO",6,"G72A31","9BC1",0,0,0.888888888888889
"ID_88SKPI1XJO",3,"435","0000",0,0,0.888888888888889
"ID_0GN5N1TAG1",3,"DB5","DB5",3,1,0.814814814814815
"ID_0GN5N1TAG1",4,"68AD","E6AD",2,0,0.814814814814815
"ID_0GN5N1TAG1",7,"G216B48","00AB8",0,0,0.814814814814815
"ID_0GN5N1TAG1",2,"8F","8F",2,1,0.814814814814815
"ID_0GN5N1TAG1",5,"C18EG","000EG",2,0,0.814814814814815
"ID_0GN5N1TAG1",6,"832GEC","08EC",0,0,0.814814814814815
"ID_2EY4N9T4MC",5,"9A4B8","9ACB8",4,0,0.888888888888889
"ID_2EY4N9T4MC",6,"19C486","19C40",4,0,0.888888888888889
"ID_2EY4N9T4MC",4,"GFEC","GFEE",3,0,0.888888888888889
"ID_2EY4N9T4MC",7,"74CA1B2","F4CA20",3,0,0.888888888888889
"ID_2EY4N9T4MC",3,"29A","29A",3,1,0.888888888888889
"ID_2EY4N9T4MC",2,"59","59",2,1,0.888888888888889
"ID_DHXCRK3RDP",3,"852","852",3,1,1
"ID_DHXCRK3RDP",7,"D7G6F18","D80000",1,0,1
"ID_DHXCRK3RDP",5,"542DB","52D000",1,0,1
"ID_DHXCRK3RDP",4,"4E7C","4E7C",4,1,1
"ID_DHXCRK3RDP",2,"24","24",2,1,1
"ID_DHXCRK3RDP",6,"8B5E3G","8B5000",3,0,1
"ID_FB5SC6Q6X4",7,"1AE9G5F","1AE9G",5,0,0.925925925925926
"ID_FB5SC6Q6X4",4,"B421","1000",0,0,0.925925925925926
"ID_FB5SC6Q6X4",6,"5B41G3","0B41G",4,0,0.925925925925926
"ID_FB5SC6Q6X4",3,"AB7","AB7",3,1,0.925925925925926
"ID_FB5SC6Q6X4",5,"BC589","BC89",2,0,0.925925925925926
"ID_FB5SC6Q6X4",2,"B2","B2",2,1,0.925925925925926
"ID_2MV216U4QI",5,"7GEC3","0",0,0,0.814814814814815
"ID_2MV216U4QI",4,"D679","0",0,0,0.814814814814815
"ID_2MV216U4QI",7,"7A512F3","0",0,0,0.814814814814815
"ID_2MV216U4QI",3,"3G6","0",0,0,0.814814814814815
"ID_2MV216U4QI",2,"6E","0",0,0,0.814814814814815
"ID_2MV216U4QI",6,"A89C7E","0",0,0,0.814814814814815
"ID_W15YXLE4QF",6,"F527CD","F40ED",1,0,0.851851851851852
"ID_W15YXLE4QF",4,"1649","1649",4,1,0.851851851851852
"ID_W15YXLE4QF",3,"19E","29E",2,0,0.851851851851852
"ID_W15YXLE4QF",7,"28BG79C","280C9",2,0,0.851851851851852
"ID_W15YXLE4QF",2,"6G","6G",2,1,0.851851851851852
"ID_W15YXLE4QF",5,"F782B","7F83B",2,0,0.851851851851852
"ID_GCPDLOA78H",6,"C76FB3","C76F3B",4,0,0.925925925925926
"ID_GCPDLOA78H",2,"97","97",2,1,0.925925925925926
"ID_GCPDLOA78H",3,"85E","85E",3,1,0.925925925925926
"ID_GCPDLOA78H",7,"89A526C","859C",1,0,0.925925925925926
"ID_GCPDLOA78H",4,"D37C","GD3C",1,0,0.925925925925926
"ID_GCPDLOA78H",5,"F65CB","7E54B",2,0,0.925925925925926
"ID_FOXS0KC3OD",4,"7G62","7G62",4,1,0.962962962962963
"ID_FOXS0KC3OD",6,"9CA7E1","9CA7E1",6,1,0.962962962962963
"ID_FOXS0KC3OD",5,"87F6G","87F6G",5,1,0.962962962962963
"ID_FOXS0KC3OD",3,"157","157",3,1,0.962962962962963
"ID_FOXS0KC3OD",2,"43","43",2,1,0.962962962962963
"ID_FOXS0KC3OD",7,"47B26AD","45B26AD",6,0,0.962962962962963
"ID_IE02B4NYUW",2,"BE","BE",2,1,0.888888888888889
"ID_IE02B4NYUW",5,"9E1CF","B27E",0,0,0.888888888888889
"ID_IE02B4NYUW",3,"DA9","DB9",2,0,0.888888888888889
"ID_IE02B4NYUW",7,"G619EB2","B000055",0,0,0.888888888888889
"ID_IE02B4NYUW",6,"BD764E","B458",1,0,0.888888888888889
"ID_IE02B4NYUW",4,"93D5","B005",1,0,0.888888888888889
"ID_2A1N4L2PJ7",3,"BEA","EA",0,0,0.814814814814815
"ID_2A1N4L2PJ7",6,"7A51BE","0",0,0,0.814814814814815
"ID_2A1N4L2PJ7",2,"8G","0",0,0,0.814814814814815
"ID_2A1N4L2PJ7",7,"C5G87F3","0",0,0,0.814814814814815
"ID_2A1N4L2PJ7",5,"F482C","0",0,0,0.814814814814815
"ID_2A1N4L2PJ7",4,"5E63","0",0,0,0.814814814814815
"ID_V8KMBFO1AB",4,"1A62","1AF6",2,0,0.925925925925926
"ID_V8KMBFO1AB",2,"A8","A8",2,1,0.925925925925926
"ID_V8KMBFO1AB",3,"293","A3",0,0,0.925925925925926
"ID_V8KMBFO1AB",6,"21A87C","218A4",2,0,0.925925925925926
"ID_V8KMBFO1AB",7,"7C1462G","7C1EG",3,0,0.925925925925926
"ID_V8KMBFO1AB",5,"23CD5","2C6",1,0,0.925925925925926
"ID_GDY335JWI6",4,"B3G9","3B9G",0,0,0.666666666666667
"ID_GDY335JWI6",5,"8EFGD","8F2D",1,0,0.666666666666667
"ID_GDY335JWI6",6,"F6AB51","F6AD1",3,0,0.666666666666667
"ID_GDY335JWI6",2,"72","72",2,1,0.666666666666667
"ID_GDY335JWI6",7,"2EB7954","6AD13",0,0,0.666666666666667
"ID_GDY335JWI6",3,"587","587",3,1,0.666666666666667
"ID_ZZ5T5KVD0T",5,"A4GEB","ACGFB",3,0,1
"ID_ZZ5T5KVD0T",3,"2E5","EDC",0,0,1
"ID_ZZ5T5KVD0T",4,"AF74","DCBA",0,0,1
"ID_ZZ5T5KVD0T",2,"2E","A6",0,0,1
"ID_ZZ5T5KVD0T",6,"65F4D1","CGFD1",1,0,1
"ID_ZZ5T5KVD0T",7,"32976DE","31G7ED",3,0,1
"ID_OEE12RSUXG",4,"4BD5","4BD5",4,1,1
"ID_OEE12RSUXG",7,"796BF28","79028",2,0,1
"ID_OEE12RSUXG",6,"A2E36C","A26B4",2,0,1
"ID_OEE12RSUXG",2,"63","63",2,1,1
"ID_OEE12RSUXG",3,"DCA","DCA",3,1,1
"ID_OEE12RSUXG",5,"25438","25438",5,1,1
